security_id,symbol,name,series,tick_size,lot_size,instrument_type,segment,exchange
4732,SKMEGGPROD,Skm Egg Prod Export,EQ,5,1,ES,E,NSE
21551,SMSLIFE,SMS Lifesciences,EQ,5,1,ES,E,NSE
11689,SUPRAJIT,Suprajit Engineering,EQ,5,1,ES,E,NSE
9889,SMARTLINK,Smartlink Holdings,EQ,5,1,ES,E,NSE
13577,VOLTAMP,Voltamp Transformers,EQ,5,1,ES,E,NSE
7303,VISESHINFO,Visesh Infotecnics,EQ,5,1,ES,E,NSE
4306,SHRIRAMFIN,Shriram Finance Limited,EQ,5,1,ES,E,NSE
14413,PAGEIND,Page Industries,EQ,5,1,ES,E,NSE
6600,GENUSPAPER,Genus P&B,EQ,5,1,ES,E,NSE
14894,CENTRALBK,Central Bank Of India,EQ,5,1,ES,E,NSE
17957,MMTC,MMTC,EQ,5,1,ES,E,NSE
14086,IGPL,I G Petrochemicals,EQ,5,1,ES,E,NSE
9668,HIKAL,Hikal,EQ,5,1,ES,E,NSE
11987,ICIL,Indo Count Industries,EQ,5,1,ES,E,NSE
20321,SHANKARA,Shankara Building Product,EQ,5,1,ES,E,NSE
13725,DCBBANK,DCB Bank,EQ,5,1,ES,E,NSE
15377,PDMJEPAPER,Pudumjee Paper Pro.,EQ,5,1,ES,E,NSE
11236,JSL,Jindal Stainless,EQ,5,1,ES,E,NSE
3694,VINDHYATEL,Vindhya Telelinks,EQ,5,1,ES,E,NSE
15049,ENERGYDEV,ENERGY DEVE. CO.LTD,EQ,5,1,ES,E,NSE
11233,SUVEN,Suven Life Sciences,EQ,5,1,ES,E,NSE
14334,HSCL,Himadri Speciality Chemicals,EQ,5,1,ES,E,NSE
3456,TATAMOTORS,Tata Motors,EQ,5,1,ES,E,NSE
16900,DPWIRES,D P Wires,EQ,5,1,ES,E,NSE
24409,DHANUKA,Dhanuka Agritech,EQ,5,1,ES,E,NSE
24538,MAITHANALL,Maithan Alloys,EQ,5,1,ES,E,NSE
15278,ONMOBILE,Onmobile Global,EQ,5,1,ES,E,NSE
399,NIACL,The New India Assu Co,EQ,5,1,ES,E,NSE
11943,MCLEODRUSS,Mcleod Russel India,EQ,5,1,ES,E,NSE
15259,RPOWER,Reliance Power,EQ,5,1,ES,E,NSE
29113,CARERATING,Care Ratings,EQ,5,1,ES,E,NSE
4491,JCHAC,Johnson Controls Hitachi,EQ,5,1,ES,E,NSE
14314,TTL,T T,EQ,5,1,ES,E,NSE
2028,LYKALABS,Lyka Labs,EQ,5,1,ES,E,NSE
3744,FINEORG,Fine Organic Industries,EQ,5,1,ES,E,NSE
471,OSWALGREEN,Oswal greentech limited,EQ,5,1,ES,E,NSE
4907,ENGINERSIN,Engineers India,EQ,5,1,ES,E,NSE
15146,JYOTHYLAB,Jyothy Labs,EQ,5,1,ES,E,NSE
15419,DPSCLTD,Dpsc,EQ,5,1,ES,E,NSE
781,DALMIASUG,Dalmia Bharat,EQ,5,1,ES,E,NSE
1448,HLVLTD,HLV,EQ,5,1,ES,E,NSE
11778,GOKEX,Gokaldas Exports,EQ,5,1,ES,E,NSE
29423,MOHITIND,Mohit Industries,EQ,5,1,ES,E,NSE
13745,GTLINFRA,GTL INFRA.LTD,EQ,5,1,ES,E,NSE
7048,HESTERBIO,Hester Biosciences,EQ,5,1,ES,E,NSE
13081,TRIVENI,Triveni Engineering,EQ,5,1,ES,E,NSE
10440,LUPIN,Lupin,EQ,5,1,ES,E,NSE
10457,ARVSMART,Arvind Smartspaces,EQ,5,1,ES,E,NSE
15239,BIRLAMONEY,Aditya Birla Money,EQ,5,1,ES,E,NSE
827,DEEPAKFERT,Deepak Fertilizers & Petr,EQ,5,1,ES,E,NSE
13572,MANUGRAPH,Manugraph India,EQ,5,1,ES,E,NSE
17939,HINDCOPPER,Hindustan Copper,EQ,5,1,ES,E,NSE
2331,JAYNECOIND,Jayaswal Neco Industr,EQ,5,1,ES,E,NSE
10181,BALKRISHNA,Balkrishna Paper Mills L,EQ,5,1,ES,E,NSE
8132,BLBLIMITED,BLB,EQ,5,1,ES,E,NSE
14154,UNOMINDA,UNO Minda,EQ,5,1,ES,E,NSE
4136,BIOFILCHEM,Biofil Chem & Pharma,EQ,5,1,ES,E,NSE
193,ARVIND,Arvind,EQ,5,1,ES,E,NSE
19235,IMFA,Indian Metals & Ferro,EQ,5,1,ES,E,NSE
3351,SUNPHARMA,Sun Pharmaceutical,EQ,5,1,ES,E,NSE
13400,BHAGERIA,Bhageria Industries,EQ,5,1,ES,E,NSE
4244,HDFCAMC,HDFC AMC,EQ,5,1,ES,E,NSE
8833,BCG,Brightcom Group,EQ,5,1,ES,E,NSE
4055,PANACEABIO,Panacea Biotec,EQ,5,1,ES,E,NSE
14838,DECCANCE,Deccan Cements,EQ,5,1,ES,E,NSE
9685,TRIDENT,Trident,EQ,5,1,ES,E,NSE
628,CESC,CESC,EQ,5,1,ES,E,NSE
16705,GOKUL,Gokul Refoils & Solv,EQ,5,1,ES,E,NSE
8024,CINEVISTA,CINEVISTA LIMITED,EQ,5,1,ES,E,NSE
19025,KIRLOSIND,Kirloskar Industries,EQ,5,1,ES,E,NSE
15039,CERA,Cera Sanitaryware,EQ,5,1,ES,E,NSE
7406,GLENMARK,Glenmark Pharmaceuticals,EQ,5,1,ES,E,NSE
14788,SPARC,Sun Pharma Advanced Research,EQ,5,1,ES,E,NSE
21427,THEINVEST,The Invest Trust Of India,EQ,5,1,ES,E,NSE
6364,NATIONALUM,National Aluminium Co.Ltd,EQ,5,1,ES,E,NSE
14552,PHOENIXLTD,The Phoenix Mills,EQ,5,1,ES,E,NSE
11667,DWARKESH,Dwarikesh Sugar,EQ,5,1,ES,E,NSE
14339,GANESHHOUC,Ganesh Housing Corp,EQ,5,1,ES,E,NSE
16123,BHARATWIRE,Bharat Wire Ropes,EQ,5,1,ES,E,NSE
17903,ABBOTINDIA,Abbott India,EQ,5,1,ES,E,NSE
17400,NHPC,Nhpc,EQ,5,1,ES,E,NSE
275,AUROPHARMA,Aurobindo Pharma,EQ,5,1,ES,E,NSE
22,ACC,ACC,EQ,5,1,ES,E,NSE
154,APCOTEXIND,Apcotex Industries Limite,EQ,5,1,ES,E,NSE
1681,IVP,IVP LTD,EQ,5,1,ES,E,NSE
17424,GLOBUSSPR,Globus Spirits,EQ,5,1,ES,E,NSE
3375,SURYAROSNI,Surya Roshni,EQ,5,1,ES,E,NSE
3518,TORNTPHARM,Torrent Pharmaceuticals,EQ,5,1,ES,E,NSE
14567,BFUTILITIE,BF Utilities,EQ,5,1,ES,E,NSE
14208,TV18BRDCST,TV18 Broadcast,EQ,5,1,ES,E,NSE
10925,GODREJIND,Godrej Industries,EQ,5,1,ES,E,NSE
10990,RADICO,Radico Khaitan,EQ,5,1,ES,E,NSE
1491,IFCI,IFCI,EQ,5,1,ES,E,NSE
15124,KOLTEPATIL,Kolte-Patil Developers Lt,EQ,5,1,ES,E,NSE
16745,RBL,Rane Brake Lining,EQ,5,1,ES,E,NSE
11536,TCS,Tata Consultancy Services,EQ,5,1,ES,E,NSE
6286,GULPOLY,Gulshan Polyols,EQ,5,1,ES,E,NSE
1811,KAKATCEM,Kakatiya Cement Sugar & Ind.,EQ,5,1,ES,E,NSE
11840,NH,Narayana Hrudayalaya,EQ,5,1,ES,E,NSE
17675,ALOKINDS,Alok Industries,EQ,5,1,ES,E,NSE
2909,RICOAUTO,Rico Auto Industries,EQ,5,1,ES,E,NSE
2489,ISEC,ICICI Securities,EQ,5,1,ES,E,NSE
8175,SAGARDEEP,SAGARDEEP ALLOYS LIMITED,EQ,5,1,ES,E,NSE
21406,AVADHSUGAR,Avadh Sug & Energy,EQ,5,1,ES,E,NSE
3496,TIRUMALCHM,Thirumalai Chemicals,EQ,5,1,ES,E,NSE
11705,XCHANGING,Xchanging Solutions,EQ,5,1,ES,E,NSE
184,TCPLPACK,Tcpl Packaging,EQ,5,1,ES,E,NSE
40,AEGISCHEM,Aegis Logistics,EQ,5,1,ES,E,NSE
19556,BHANDARI,Bhandari Hosiery Exp,EQ,5,1,ES,E,NSE
8546,CHALET,Chalet Hotels,EQ,5,1,ES,E,NSE
21091,STARCEMENT,Star Cement,EQ,5,1,ES,E,NSE
3821,ZODIACLOTH,Zodiac Clothing,EQ,5,1,ES,E,NSE
21683,BRNL,Bharat Road Network,EQ,5,1,ES,E,NSE
919,EIHOTEL,EIH Hotels,EQ,5,1,ES,E,NSE
1235,GREAVESCOT,Greaves Cotton,EQ,5,1,ES,E,NSE
13648,TALBROAUTO,Talbros Automotive Co.,EQ,5,1,ES,E,NSE
1476,IDBI,IDBI Bank,EQ,5,1,ES,E,NSE
22602,PFS,PTC India Fin Serv,EQ,5,1,ES,E,NSE
21676,HINDMOTORS,Hindustan Motors,EQ,5,1,ES,E,NSE
19126,KIOCL,KIOCL,EQ,5,1,ES,E,NSE
20182,ASHOKA,Ashoka Buildcon,EQ,5,1,ES,E,NSE
14667,KMSUGAR,K M Sugar Mills,EQ,5,1,ES,E,NSE
13920,PLASTIBLEN,Plastiblends India,EQ,5,1,ES,E,NSE
20323,RESPONIND,Responsive Industries,EQ,5,1,ES,E,NSE
2088,MAHSEAMLES,Maharashtra Seamless,EQ,5,1,ES,E,NSE
24391,DELPHIFX,DELPHI WORLD MONEY LTD,EQ,5,1,ES,E,NSE
25492,ONELIFECAP,Onelife Cap Advisors,EQ,5,1,ES,E,NSE
1145,GIPCL,Gujarat Industries Power,EQ,5,1,ES,E,NSE
11271,DREDGECORP,Dredging Corp Of India,EQ,5,1,ES,E,NSE
14058,SANGHVIMOV,Sanghvi Movers,EQ,5,1,ES,E,NSE
17279,BLS,Bls International Service,EQ,5,1,ES,E,NSE
4235,WENDT,WENDT,EQ,5,1,ES,E,NSE
3186,SKFINDIA,SKF,EQ,5,1,ES,E,NSE
79,ALEMBICLTD,Alembic,EQ,5,1,ES,E,NSE
17875,GODREJPROP,Godrej Properties,EQ,5,1,ES,E,NSE
9253,NILAINFRA,Nila Infrastructures,EQ,5,1,ES,E,NSE
3339,SUNDARMFIN,Sundaram Finance,EQ,5,1,ES,E,NSE
10940,DIVISLAB,Divis Laboratories,EQ,5,1,ES,E,NSE
1214,DELTAMAGNT,DELTA MANUFACTURING LTD,EQ,5,1,ES,E,NSE
3787,WIPRO,Wipro,EQ,5,1,ES,E,NSE
1442,SANOFI,Sanofi India,EQ,5,1,ES,E,NSE
14687,GOACARBON,Goa Carbon,EQ,5,1,ES,E,NSE
11773,VISHAL,VISHAL FABRICS LIMITED,EQ,5,1,ES,E,NSE
11896,GEOJITFSL,Geojit Financial Ser L,EQ,5,1,ES,E,NSE
2799,CHEMFAB,Chemfab Alkalis,EQ,5,1,ES,E,NSE
10753,UNIONBANK,Union Bank Of India,EQ,5,1,ES,E,NSE
9342,PNC,Pritish Nandy Communicati,EQ,5,1,ES,E,NSE
2412,PEL,Piramal Enterprises,EQ,5,1,ES,E,NSE
18822,ENDURANCE,Endurance Technologies,EQ,5,1,ES,E,NSE
11892,VHL,Vardhman Holdings,EQ,5,1,ES,E,NSE
14490,NCLIND,NCL Industries,EQ,5,1,ES,E,NSE
21174,CDSL,CDSL ,EQ,5,1,ES,E,NSE
1196,KANSAINER,Kansai Nerolac Paints,EQ,5,1,ES,E,NSE
495,BLUEDART,Blue Dart Express,EQ,5,1,ES,E,NSE
4344,PUNJABCHEM,Punjab Chemicals And Crop.,EQ,5,1,ES,E,NSE
13771,AARVEEDEN,Aarvee Denims & Exports,EQ,5,1,ES,E,NSE
17486,EXPLEOSOL,Expleo Solutions,EQ,5,1,ES,E,NSE
10,ABAN,Aban Offshore,EQ,5,1,ES,E,NSE
15414,TITAGARH,Titagarh Wagons,EQ,5,1,ES,E,NSE
19223,TCIEXP,Tci Express,EQ,5,1,ES,E,NSE
18154,HATHWAY,Hathway Cable & Datacom,EQ,5,1,ES,E,NSE
955,ESABINDIA,ESAB,EQ,5,1,ES,E,NSE
20329,CGCL,Capri Global Capital,EQ,5,1,ES,E,NSE
4037,AUSOMENT,Ausom Enterprises,EQ,5,1,ES,E,NSE
1041,FINPIPE,Finolex Industries,EQ,5,1,ES,E,NSE
1756,JINDALPOLY,Jindal Poly Films,EQ,5,1,ES,E,NSE
21690,DIXON,Dixon Technologies,EQ,5,1,ES,E,NSE
17598,ASALCBR,Asso Alcohols & Brew,EQ,5,1,ES,E,NSE
993,EVERESTIND,Everest Industries,EQ,5,1,ES,E,NSE
2263,BANDHANBNK,Bandhan Bank,EQ,5,1,ES,E,NSE
11809,IIFL,IIFL Finance,EQ,5,1,ES,E,NSE
4668,BANKBARODA,Bank Of Baroda,EQ,5,1,ES,E,NSE
11606,GUFICBIO,Gufic Biosciences,EQ,5,1,ES,E,NSE
8075,DALBHARAT,Dalmia Bharat,EQ,5,1,ES,E,NSE
13538,TECHM,Tech Mahindra,EQ,5,1,ES,E,NSE
19438,AHLEAST,Asian Hotels (East),EQ,5,1,ES,E,NSE
13300,NITCO,NITCO,EQ,5,1,ES,E,NSE
18520,CUPID,Cupid,EQ,5,1,ES,E,NSE
8163,SPENCERS,Spencers Retail,EQ,5,1,ES,E,NSE
1038,FINCABLES,Finolex Cables,EQ,5,1,ES,E,NSE
385,MAHLOG,Mahindra Logistic,EQ,5,1,ES,E,NSE
13430,KELLTONTEC,Kellton Tech Sol,EQ,5,1,ES,E,NSE
15399,EIHAHOTELS,EIH Associated Hotels,EQ,5,1,ES,E,NSE
29598,REPCOHOME,Repco Home Finance,EQ,5,1,ES,E,NSE
3880,SOMANYCERA,Somany Ceramics,EQ,5,1,ES,E,NSE
3396,TAINWALCHM,Tainwala Chemical And Pla,EQ,5,1,ES,E,NSE
18118,THANGAMAYL,Thangamayil Jewellery,EQ,5,1,ES,E,NSE
3757,VENKEYS,Venkys,EQ,5,1,ES,E,NSE
1922,KOTAKBANK,Kotak Bank,EQ,5,1,ES,E,NSE
11275,TVTODAY,Tv Today Network,EQ,5,1,ES,E,NSE
13126,REPRO,Repro India,EQ,5,1,ES,E,NSE
1315,GALAXYSURF,Galaxy Surfactants,EQ,5,1,ES,E,NSE
5428,TRIGYN,Trigyn Technologies,EQ,5,1,ES,E,NSE
11027,INFOBEAN,INFOBEANS TECHNO. LTD.,EQ,5,1,ES,E,NSE
1624,IOC,Indian Oil Corp,EQ,5,1,ES,E,NSE
15189,BGRENERGY,Bgr Energy Systems,EQ,5,1,ES,E,NSE
15362,VGUARD,V Guard Industries,EQ,5,1,ES,E,NSE
21195,GTPL,Gtpl Hathway,EQ,5,1,ES,E,NSE
13091,EKC,Everest Kanto Cylinder Lt,EQ,5,1,ES,E,NSE
17534,MGL,Mahanagar Gas,EQ,5,1,ES,E,NSE
20453,APCL,Anjani Portland Cem,EQ,5,1,ES,E,NSE
11369,TTKHLTCARE,TTK Healthcare,EQ,5,1,ES,E,NSE
10578,MPSLTD,MPS,EQ,5,1,ES,E,NSE
203,ASHAPURMIN,Ashapura Minechem,EQ,5,1,ES,E,NSE
3389,AGARIND,Agarwal Inds Corp,EQ,5,1,ES,E,NSE
6951,LINC,Linc Pen & Plastics,EQ,5,1,ES,E,NSE
13,ABB,ABB,EQ,5,1,ES,E,NSE
14255,REDINGTON,Redington,EQ,5,1,ES,E,NSE
1949,KSB,KSB,EQ,5,1,ES,E,NSE
18226,MANINFRA,Man Infra,EQ,5,1,ES,E,NSE
5900,AXISBANK,Axis Bank,EQ,5,1,ES,E,NSE
17881,DBCORP,D B Corp,EQ,5,1,ES,E,NSE
3103,SHREECEM,Shree Cement,EQ,5,1,ES,E,NSE
17971,SBICARD,SBI Cards,EQ,5,1,ES,E,NSE
17094,CROMPTON,Crompton Greaves Consumer Elec,EQ,5,1,ES,E,NSE
1403,HINDOILEXP,Hindustan Oil Exploration,EQ,5,1,ES,E,NSE
13491,JKLAKSHMI,JK Lakshmi Cement,EQ,5,1,ES,E,NSE
6973,DMCC,DMCC Speciality Chemicals,EQ,5,1,ES,E,NSE
24265,ESTER,Ester Industries,EQ,5,1,ES,E,NSE
10786,NOIDATOLL,Noida Toll Bridge Co,EQ,5,1,ES,E,NSE
14223,TIIL,Technocraft Industries,EQ,5,1,ES,E,NSE
13528,GMRINFRA,GMR Airports Infrastructure,EQ,5,1,ES,E,NSE
9921,ALANKIT,Alankit,EQ,5,1,ES,E,NSE
31163,RHIM,Rhi Magnestia India,EQ,5,1,ES,E,NSE
29962,JUSTDIAL,Just Dial,EQ,5,1,ES,E,NSE
19234,LAURUSLABS,Laurus Labs,EQ,5,1,ES,E,NSE
308,BAJAJHIND,Bajaj Hindusthan Sugar,EQ,5,1,ES,E,NSE
10755,APTECHT,Aptech,EQ,5,1,ES,E,NSE
14607,TGBHOTELS,Tgb Banquets&Hotels,EQ,5,1,ES,E,NSE
5926,INTELLECT,Intellect Design Arena,EQ,5,1,ES,E,NSE
1008,FACT,Fertilizers & Chemicals T,EQ,5,1,ES,E,NSE
14450,IBREALEST,Indiabulls Real Estate,EQ,5,1,ES,E,NSE
25,ADANIENT,Adani Enterprises,EQ,5,1,ES,E,NSE
13801,SUTLEJTEX,Sutlej Text & Indus,EQ,5,1,ES,E,NSE
16713,UBL,United Breweries,EQ,5,1,ES,E,NSE
17477,CONTROLPR,Control Print,EQ,5,1,ES,E,NSE
1627,LINDEINDIA,Linde India,EQ,5,1,ES,E,NSE
694,CIPLA,Cipla,EQ,5,1,ES,E,NSE
21501,SIS,Security Intell Services,EQ,5,1,ES,E,NSE
14853,OMAXE,Omaxe,EQ,5,1,ES,E,NSE
804,SHIVATEX,SHIVA TEXYARN LIMITED,EQ,5,1,ES,E,NSE
15204,ARIES,Aries Agro,EQ,5,1,ES,E,NSE
25392,PANAMAPET,Panama Petrochem,EQ,5,1,ES,E,NSE
9007,NOVARTIND,NOVARTIS INDIA LIMITED,EQ,5,1,ES,E,NSE
9385,PNCINFRA,PNC Infratech,EQ,5,1,ES,E,NSE
25756,VIKASECO,Vikas Ecotech,EQ,5,1,ES,E,NSE
3812,ZEEL,Zee Entertainment,EQ,5,1,ES,E,NSE
15308,SEPC,Shriram Epc,EQ,5,1,ES,E,NSE
1841,KCP,K.C.P.Ltd.,EQ,5,1,ES,E,NSE
8477,XELPMOC,Xelpmoc Design & Tech,EQ,5,1,ES,E,NSE
11983,SASKEN,Sasken Technologies,EQ,5,1,ES,E,NSE
11868,63MOONS,63 Moons Technologies,EQ,5,1,ES,E,NSE
17364,VINATIORGA,Vinati Organics,EQ,5,1,ES,E,NSE
19447,CAPTRUST,Capital Trust,EQ,5,1,ES,E,NSE
10346,DGCONTENT,Digicontent,EQ,5,1,ES,E,NSE
14019,TIDEWATER,Tide Water Oil,EQ,5,1,ES,E,NSE
12034,BASML,Bannari Amman Spinning Mi,EQ,5,1,ES,E,NSE
19196,TI,Tilaknagar Industries,EQ,5,1,ES,E,NSE
3150,SIEMENS,Siemens,EQ,5,1,ES,E,NSE
12231,OCCL,Oriental Carbn & Chem,EQ,5,1,ES,E,NSE
13441,BALPHARMA,Bal Pharma,EQ,5,1,ES,E,NSE
338,BALMLAWRIE,Balmer Lawrie & Co,EQ,5,1,ES,E,NSE
19,STYRENIX,Ineos Styrolution,EQ,5,1,ES,E,NSE
1100,GARFIBRES,Garware Technical Fibres,EQ,5,1,ES,E,NSE
4157,KEYFINSERV,KEYNOTE FIN SERV LTD.,EQ,5,1,ES,E,NSE
11763,JPPOWER,Jaiprakash Power Ventures,EQ,5,1,ES,E,NSE
17069,UJJIVAN,Ujjivan Financial Services,EQ,5,1,ES,E,NSE
13332,SOLARINDS,Solar Industries India,EQ,5,1,ES,E,NSE
4986,IRCON,Ircon International,EQ,5,1,ES,E,NSE
11445,PILANIINVS,Pilani Inv & Ind Cor,EQ,5,1,ES,E,NSE
15184,BRIGADE,Brigade Enterprises,EQ,5,1,ES,E,NSE
17105,SUMICHEM,Sumitomo Chemical,EQ,5,1,ES,E,NSE
7506,WOCKPHARMA,Wockhardt,EQ,5,1,ES,E,NSE
2939,RUBYMILLS,Ruby Mills,EQ,5,1,ES,E,NSE
11491,APARINDS,Apar Industries,EQ,5,1,ES,E,NSE
1530,INDIANHUME,Indian Hume Pipe,EQ,5,1,ES,E,NSE
11618,ASTRAMICRO,Astra Microwave Products,EQ,5,1,ES,E,NSE
10473,POWERMECH,Power Mech Projects,EQ,5,1,ES,E,NSE
31258,NDL,Nandan Denim,EQ,5,1,ES,E,NSE
1267,GUJALKALI,Gujarat Alkalies & Chemicals,EQ,5,1,ES,E,NSE
13106,NAHARINDUS,Nahar Inds Ent,EQ,5,1,ES,E,NSE
685,CHOLAFIN,Cholamandalam Investment,EQ,5,1,ES,E,NSE
2183,SUNDARMHLD,Sundaram Finance Hold,EQ,5,1,ES,E,NSE
13337,GALLANTT,Gallantt ispat,EQ,5,1,ES,E,NSE
3703,VIPIND,VIP Industries,EQ,5,1,ES,E,NSE
16249,INFIBEAM,Infibeam Avenues,EQ,5,1,ES,E,NSE
17728,ASTEC,Astec Lifesciences,EQ,5,1,ES,E,NSE
13560,GRINDWELL,Grindwell Norton,EQ,5,1,ES,E,NSE
14908,KDDL,KDDL,EQ,5,1,ES,E,NSE
16821,VINYLINDIA,Vinyl Chemicals,EQ,5,1,ES,E,NSE
2442,NOCIL,NOCIL,EQ,5,1,ES,E,NSE
1424,HINDZINC,Hindustan Zinc,EQ,5,1,ES,E,NSE
10604,BHARTIARTL,Bharti Airtel,EQ,5,1,ES,E,NSE
20071,INTENTECH,Intense Technologies,EQ,5,1,ES,E,NSE
18457,POWERINDIA,Abb Power Pro N Sys Ind L,EQ,5,1,ES,E,NSE
2912,RIIL,Reliance Industrial Infra Ltd,EQ,5,1,ES,E,NSE
1162,GTL,GTL,EQ,5,1,ES,E,NSE
20936,KIRLOSENG,Kirloskar Oil Eng,EQ,5,1,ES,E,NSE
8687,MUKTAARTS,Mukta Arts,EQ,5,1,ES,E,NSE
15151,MADHAV,Madhav Marble & Granite,EQ,5,1,ES,E,NSE
526,BPCL,Bharat Petroleum,EQ,5,1,ES,E,NSE
18086,DBL,Dilip Buildcon,EQ,5,1,ES,E,NSE
100,AMARAJABAT,Amara Raja Batteries,EQ,5,1,ES,E,NSE
13643,ELECON,Elecon Eng. Co.,EQ,5,1,ES,E,NSE
18011,WHIRLPOOL,Whirlpool,EQ,5,1,ES,E,NSE
14582,SRHHYPOLTD,Sree Rayalseema Hhp,EQ,5,1,ES,E,NSE
10922,OMAXAUTO,Omax Autos,EQ,5,1,ES,E,NSE
14366,IDEA,Vodafone Idea,EQ,5,1,ES,E,NSE
940,PGHL,Procter & Gamble Health,EQ,5,1,ES,E,NSE
17651,POKARNA,Pokarna,EQ,5,1,ES,E,NSE
25088,ASAHISONG,Asahi Songwon Color,EQ,5,1,ES,E,NSE
11532,ULTRACEMCO,Ultratech Cement,EQ,5,1,ES,E,NSE
11880,JSWHL,JSW Holdings,EQ,5,1,ES,E,NSE
395,BEML,BEML,EQ,5,1,ES,E,NSE
4749,CONCOR,Container Corp Of Ind,EQ,5,1,ES,E,NSE
4747,INDNIPPON,India Nippon Electricals,EQ,5,1,ES,E,NSE
25584,TRITURBINE,Triveni Turbines,EQ,5,1,ES,E,NSE
13270,JKCEMENT,JK Cement,EQ,5,1,ES,E,NSE
15555,HCG,Healthcare Global Enterprises,EQ,5,1,ES,E,NSE
1360,HIMATSEIDE,Himatsingka Seide,EQ,5,1,ES,E,NSE
3024,JINDALSAW,Jindal Saw,EQ,5,1,ES,E,NSE
10717,TIMESGTY,Times Guaranty,EQ,5,1,ES,E,NSE
1997,LICHSGFIN,LIC Housing Finance,EQ,5,1,ES,E,NSE
17547,AMRUTANJAN,Amrutajan Health,EQ,5,1,ES,E,NSE
11435,SPANDANA,Spandana Sphoorty Fin,EQ,5,1,ES,E,NSE
14771,TARMAT,Tarmat,EQ,5,1,ES,E,NSE
31837,SREEL,Sreeleathers,EQ,5,1,ES,E,NSE
17945,SUVENPHAR,Suven Pharmaceuticals,EQ,5,1,ES,E,NSE
14111,NETWORK18,Network18 Media,EQ,5,1,ES,E,NSE
11580,WESTLIFE,Westlife Foodworld,EQ,5,1,ES,E,NSE
1835,KANORICHEM,Kanoria Chemicals & Indus,EQ,5,1,ES,E,NSE
6944,GANECOS,Ganesha Ecosphere,EQ,5,1,ES,E,NSE
3715,VLSFINANCE,VLS Finance,EQ,5,1,ES,E,NSE
11423,DATAMATICS,Datamatics Global Ser,EQ,5,1,ES,E,NSE
3766,WHEELS,Wheels India,EQ,5,1,ES,E,NSE
7109,JMA,Jullundur Mot Agency,EQ,5,1,ES,E,NSE
10577,KRBL,KRBL,EQ,5,1,ES,E,NSE
19578,UGARSUGAR,Ugar Sugar Works,EQ,5,1,ES,E,NSE
4014,NAVA,Nava,EQ,5,1,ES,E,NSE
2816,RALLIS,Rallis India,EQ,5,1,ES,E,NSE
21951,HFCL,HFCL,EQ,5,1,ES,E,NSE
20616,SUPERHOUSE,Superhouse,EQ,5,1,ES,E,NSE
11884,MANINDS,Man Industries,EQ,5,1,ES,E,NSE
380,BBTC,Bombay Burmah Trading,EQ,5,1,ES,E,NSE
2388,NELCO,NELCO,EQ,5,1,ES,E,NSE
14423,LAOPALA,La Opala Rg,EQ,5,1,ES,E,NSE
13376,UTTAMSUGAR,Uttam Sugar Mills,EQ,5,1,ES,E,NSE
4,21STCENMGM,21St Century Mgmt Service,EQ,5,1,ES,E,NSE
25328,APLLTD,Alembic Pharma,EQ,5,1,ES,E,NSE
547,BRITANNIA,Britannia Industries,EQ,5,1,ES,E,NSE
8585,NLCINDIA,NLC India,EQ,5,1,ES,E,NSE
14932,ISMTLTD,ISMT,EQ,5,1,ES,E,NSE
14612,SIMBHALS,Simbhaoli Sugars,EQ,5,1,ES,E,NSE
2018,LUMAXIND,Lumax Industries,EQ,5,1,ES,E,NSE
13367,SGL,STL Global,EQ,5,1,ES,E,NSE
1805,KABRAEXTRU,Kabra Extrusion Technik L,EQ,5,1,ES,E,NSE
14707,TIMETECHNO,Time Technoplast,EQ,5,1,ES,E,NSE
13226,GVKPIL,Gvk Power & Infra,EQ,5,1,ES,E,NSE
13620,ANANTRAJ,Anant Raj,EQ,5,1,ES,E,NSE
1336,HEG,HEG,EQ,5,1,ES,E,NSE
21614,ABCAPITAL,Aditya Birla Capital,EQ,5,1,ES,E,NSE
4116,HBSL,Hb Stockholdings,EQ,5,1,ES,E,NSE
371,BATAINDIA,Bata,EQ,5,1,ES,E,NSE
2463,MIDHANI,Mishra Dhatu Nigam,EQ,5,1,ES,E,NSE
11301,LUXIND,Lux Industries,EQ,5,1,ES,E,NSE
1485,IFBIND,IFB Industries,EQ,5,1,ES,E,NSE
17351,SALONA,Salona Cotspin,EQ,5,1,ES,E,NSE
13816,DAAWAT,LT Foods,EQ,5,1,ES,E,NSE
11387,UMANGDAIRY,Umang Dairies,EQ,5,1,ES,E,NSE
3423,TATAMETALI,Tata Metaliks,EQ,5,1,ES,E,NSE
3579,UNICHEMLAB,Unichem Laboratories,EQ,5,1,ES,E,NSE
14008,AVTNPL,Avt Natural Products,EQ,5,1,ES,E,NSE
9348,IOB,Indian Overseas Bank,EQ,5,1,ES,E,NSE
2475,ONGC,ONGC,EQ,5,1,ES,E,NSE
27067,VSSL,Vardhman Special Steels,EQ,5,1,ES,E,NSE
1994,LIBERTSHOE,Liberty Shoes,EQ,5,1,ES,E,NSE
17022,MAWANASUG,Mawana Sugars,EQ,5,1,ES,E,NSE
7919,BYKE,The Byke Hospitality,EQ,5,1,ES,E,NSE
13496,PFOCUS,Prime Focus,EQ,5,1,ES,E,NSE
4745,BANKINDIA,Bank Of India,EQ,5,1,ES,E,NSE
3827,ZUARIIND,Zuari Industries,EQ,5,1,ES,E,NSE
8341,CALSOFT,California Software Co Lt,EQ,5,1,ES,E,NSE
1181,GODFRYPHLP,Godfrey Phillips,EQ,5,1,ES,E,NSE
11842,CYBERMEDIA,CYBER MEDIA (INDIA) LTD.,EQ,5,1,ES,E,NSE
10415,MUTHOOTCAP,Muthoot Capital Services,EQ,5,1,ES,E,NSE
592,GRAPHITE,Graphite India,EQ,5,1,ES,E,NSE
13260,KEC,Kec International,EQ,5,1,ES,E,NSE
4422,INDIANCARD,Indian Card Clothing Co.,EQ,5,1,ES,E,NSE
15342,SHALPAINTS,Shalimar Paints,EQ,5,1,ES,E,NSE
5378,ASAHIINDIA,Asahi India Glass,EQ,5,1,ES,E,NSE
18889,KSL,Kalyani Steels,EQ,5,1,ES,E,NSE
21704,DCAL,Dishman Carbogen Amcis,EQ,5,1,ES,E,NSE
760,CGPOWER,CG Power & Ind.,EQ,5,1,ES,E,NSE
3149,BORORENEW,Borosil Renewables,EQ,5,1,ES,E,NSE
18365,PERSISTENT,Persistent Systems,EQ,5,1,ES,E,NSE
24225,RELAXO,Relaxo Footwears,EQ,5,1,ES,E,NSE
4992,SHARDACROP,Sharda Cropchem,EQ,5,1,ES,E,NSE
350,BANARISUG,Bannari Amman Sugars,EQ,5,1,ES,E,NSE
14485,THEMISMED,Themis Medicare,EQ,5,1,ES,E,NSE
3475,THERMAX,Thermax,EQ,5,1,ES,E,NSE
11522,NIITLTD,NIIT,EQ,5,1,ES,E,NSE
11654,LALPATHLAB,Dr. Lal Path Labs,EQ,5,1,ES,E,NSE
11165,COFFEEDAY,COFFEE DAY ENTERPRISE LTD,EQ,5,1,ES,E,NSE
2535,PGHH,P&G Hygiene & Health Care,EQ,5,1,ES,E,NSE
2972,ORIENTELEC,Orient Electric,EQ,5,1,ES,E,NSE
13501,ALLCARGO,Allcargo Logistics,EQ,5,1,ES,E,NSE
4843,SNOWMAN,Snowman Logistics,EQ,5,1,ES,E,NSE
13414,RSYSTEMS,R Sys International,EQ,5,1,ES,E,NSE
20159,ARIHANTSUP,Arihant Superstructures,EQ,5,1,ES,E,NSE
2144,BDL,Bharat Dynamics,EQ,5,1,ES,E,NSE
6713,MOLDTKPAC,Mold-Tek Packaging,EQ,5,1,ES,E,NSE
14445,NAHARPOLY,Nahar Poly Films,EQ,5,1,ES,E,NSE
3509,TNPETRO,Tamilnadu Petroproducts L,EQ,5,1,ES,E,NSE
2708,PRAKASH,Prakash Industries,EQ,5,1,ES,E,NSE
14319,TFL,Transwarranty Finance,EQ,5,1,ES,E,NSE
11782,EVEREADY,EVEREADY INDS. IND.  LTD.,EQ,5,1,ES,E,NSE
10794,CANBK,Canara Bank,EQ,5,1,ES,E,NSE
11265,TVSELECT,TVS Electronics,EQ,5,1,ES,E,NSE
20778,JAMNAAUTO,Jamna Auto Industries,EQ,5,1,ES,E,NSE
17270,ASPINWALL,Aspinwall & Co,EQ,5,1,ES,E,NSE
21154,ERIS,Eris Lifesciences,EQ,5,1,ES,E,NSE
10599,GUJGASLTD,Gujarat Gas,EQ,5,1,ES,E,NSE
14403,RAJTV,Raj Tv Network,EQ,5,1,ES,E,NSE
874,ASTRON,Astron Paper Bord Mil,EQ,5,1,ES,E,NSE
2397,SANDHAR,Sandhar Technologies,EQ,5,1,ES,E,NSE
27107,SPECIALITY,Speciality Rest,EQ,5,1,ES,E,NSE
3466,TFCILTD,Tourism Finance Corp,EQ,5,1,ES,E,NSE
1814,KPIL,Kalpataru projects international,EQ,5,1,ES,E,NSE
5610,ASTRAZEN,Astrazeneca Pharma,EQ,5,1,ES,E,NSE
11195,INDIGO,Interglobe Aviation,EQ,5,1,ES,E,NSE
25724,RUPA,Rupa & Company,EQ,5,1,ES,E,NSE
1348,HEROMOTOCO,Hero Motocorp,EQ,5,1,ES,E,NSE
3906,CAPLIPOINT,Caplin Point Laboratories,EQ,5,1,ES,E,NSE
3237,JTEKTINDIA,Jtekt India,EQ,5,1,ES,E,NSE
2049,CHENNPETRO,Chennai Petroleum,EQ,5,1,ES,E,NSE
220,IEX,Indian Energy Exchange,EQ,5,1,ES,E,NSE
11082,LIBAS,LIBAS CONSU PRODUCTS LTD,EQ,5,1,ES,E,NSE
14418,ASTRAL,Astral Poly Tech,EQ,5,1,ES,E,NSE
1164,NEWGEN,Newgen Software Tech,EQ,5,1,ES,E,NSE
20242,OBEROIRLTY,Oberoi Realty,EQ,5,1,ES,E,NSE
3607,UNIVCABLES,Universal Cables,EQ,5,1,ES,E,NSE
14977,POWERGRID,Power Grid,EQ,5,1,ES,E,NSE
3834,BHARATRAS,Bharat Rasayan,EQ,5,1,ES,E,NSE
20534,GRAVITA,Gravita India,EQ,5,1,ES,E,NSE
422,BHARATFORG,Bharat Forge,EQ,5,1,ES,E,NSE
20825,HUDCO,HUDCO,EQ,5,1,ES,E,NSE
1594,INFY,Infosys,EQ,5,1,ES,E,NSE
419,BEPL,Bhansali Polymers,EQ,5,1,ES,E,NSE
9819,HAVELLS,Havells India,EQ,5,1,ES,E,NSE
10557,NAVKARCORP,Navkar Corporation,EQ,5,1,ES,E,NSE
16863,LPDC,Landmark Pr.Dev.Co.Ltd,EQ,5,1,ES,E,NSE
14501,BALAMINES,Balaji Amines,EQ,5,1,ES,E,NSE
2085,MAHSCOOTER,Maharashtra Scooters,EQ,5,1,ES,E,NSE
474,3MINDIA,3M India,EQ,5,1,ES,E,NSE
20160,CANTABIL,Cantabil Retail India,EQ,5,1,ES,E,NSE
13761,BBL,Bharat Bijlee,EQ,5,1,ES,E,NSE
9158,BALAJITELE,Balaji Telefilms,EQ,5,1,ES,E,NSE
24184,PIIND,Pi Industries,EQ,5,1,ES,E,NSE
11999,FCSSOFT,Fcs Software Solutions Lt,EQ,5,1,ES,E,NSE
20776,BHAGYANGR,Bhagyanagar India,EQ,5,1,ES,E,NSE
27008,HEXATRADEX,HEXA TRADEX LIMITED,EQ,5,1,ES,E,NSE
9539,SAKAR,Sakar Healthcare,EQ,5,1,ES,E,NSE
1247,GSFC,Gujarat State Fertilizers,EQ,5,1,ES,E,NSE
3099,SHREDIGCEM,Shree Digvijay Cement,EQ,5,1,ES,E,NSE
357,NAM-INDIA,Nippon Life Asset Management,EQ,5,1,ES,E,NSE
20134,RAMKY,Ramky Infrastructure,EQ,5,1,ES,E,NSE
6066,ATGL,Adani Gas,EQ,5,1,ES,E,NSE
24403,ASHIANA,Ashiana Housing,EQ,5,1,ES,E,NSE
17520,RTNPOWER,Rattanindia Power,EQ,5,1,ES,E,NSE
4911,MADRASFERT,MADRAS FERTILISERS LTD,EQ,5,1,ES,E,NSE
13522,NECCLTD,North East Carry Corp,EQ,5,1,ES,E,NSE
14972,KSCL,Kaveri Seed Company,EQ,5,1,ES,E,NSE
1412,AGI,Agi Greenpac Limited,EQ,5,1,ES,E,NSE
31107,DBSTOCKBRO,DB (International) Stock,EQ,5,1,ES,E,NSE
13285,M&MFIN,Mahindra & Mahindra Fin. Serv,EQ,5,1,ES,E,NSE
24190,SYMPHONY,Symphony,EQ,5,1,ES,E,NSE
739,COROMANDEL,Coromandel International,EQ,5,1,ES,E,NSE
31181,MCX,Multi Commodity Exchange,EQ,5,1,ES,E,NSE
2496,ORIENTPPR,Orient Paper And Inds,EQ,5,1,ES,E,NSE
17659,UNIVPHOTO,Universus Imagings,EQ,5,1,ES,E,NSE
16959,ALKALI,Alkali Metals,EQ,5,1,ES,E,NSE
16927,JOCIL,Jocil,EQ,5,1,ES,E,NSE
27037,TBZ,Trib Bhimji Zaveri,EQ,5,1,ES,E,NSE
2307,MUNJALSHOW,Munjal Showa,EQ,5,1,ES,E,NSE
3405,TATACHEM,Tata Chemicals,EQ,5,1,ES,E,NSE
11394,ZOTA,Zota Health Care,EQ,5,1,ES,E,NSE
14732,DLF,DLF,EQ,5,1,ES,E,NSE
14618,CHEMBOND,Chembond Chemicals,EQ,5,1,ES,E,NSE
14329,SMSPHARMA,Sms Pharmaceuticals,EQ,5,1,ES,E,NSE
19111,NBIFIN,N.B.I. Ind. Fin. Co.,EQ,5,1,ES,E,NSE
24292,VSTTILLERS,Vst Tillers Tractors,EQ,5,1,ES,E,NSE
19585,BSE,BSE,EQ,5,1,ES,E,NSE
14848,ALPA,Alpa Laboratories,EQ,5,1,ES,E,NSE
4598,HERITGFOOD,Heritage Foods,EQ,5,1,ES,E,NSE
6227,DTIL,Dhunseri Tea & Industries,EQ,5,1,ES,E,NSE
7672,IMAGICAA,Adlabs Entertainment,EQ,5,1,ES,E,NSE
14134,PITTIENG,Pitti Engineering,EQ,5,1,ES,E,NSE
10637,OLECTRA,Olectra Greentech,EQ,5,1,ES,E,NSE
13162,CELEBRITY,Celebrity Fashions,EQ,5,1,ES,E,NSE
1919,KOPRAN,Kopran,EQ,5,1,ES,E,NSE
11975,RML,Rane (Madras),EQ,5,1,ES,E,NSE
1270,AMBUJACEM,Ambuja Cements,EQ,5,1,ES,E,NSE
3799,WSTCSTPAPR,West Coast Paper Mills,EQ,5,1,ES,E,NSE
17752,SHILPAMED,Shilpa Medicare,EQ,5,1,ES,E,NSE
3892,HATSUN,Hatsun Agro Product,EQ,5,1,ES,E,NSE
1205,GOODYEAR,GOODYEAR INDIA LIMITED,EQ,5,1,ES,E,NSE
21392,MAGADSUGAR,Magadh Sugar & Energy,EQ,5,1,ES,E,NSE
2562,HUHTAMAKI,Huhtamaki PPL,EQ,5,1,ES,E,NSE
637,CHAMBLFERT,Chambal Fertilizers,EQ,5,1,ES,E,NSE
7229,HCLTECH,HCL Technologies,EQ,5,1,ES,E,NSE
18908,PNBHOUSING,PNB Housing Finance,EQ,5,1,ES,E,NSE
212,ASHOKLEY,Ashok Leyland,EQ,5,1,ES,E,NSE
5475,GRSE,Garden Reach Shipbuilders,EQ,5,1,ES,E,NSE
12686,MBAPL,MADHYA BHARAT AGRO P. LTD,EQ,5,1,ES,E,NSE
937,ELGIEQUIP,Elgi Equipments,EQ,5,1,ES,E,NSE
24595,RUSHIL,Rushil Decor,EQ,5,1,ES,E,NSE
166,ANDHRAPAP,Andhra Paper,EQ,5,1,ES,E,NSE
3045,SBIN,State Bank Of India,EQ,5,1,ES,E,NSE
8954,TTML,Tata Teleservice Maharashtra,EQ,5,1,ES,E,NSE
144,GODREJAGRO,Godrej Agrovet,EQ,5,1,ES,E,NSE
10406,STEELCITY,Steel City Securities,EQ,5,1,ES,E,NSE
13587,ACE,Action Const Equip,EQ,5,1,ES,E,NSE
17704,QUESS,Quess Corp,EQ,5,1,ES,E,NSE
13147,PVRINOX,PVR INOX LIMITED,EQ,5,1,ES,E,NSE
3078,SHANTIGEAR,Shanthi Gears,EQ,5,1,ES,E,NSE
1639,TATASTLLP,Tata Steel Long Products,EQ,5,1,ES,E,NSE
7862,GEPIL,GE Power India,EQ,5,1,ES,E,NSE
4410,JAGSNPHARM,Jagsonpal Pharmaceuticals,EQ,5,1,ES,E,NSE
2963,SAIL,Steel Authority Of India,EQ,5,1,ES,E,NSE
703,DICIND,DIC,EQ,5,1,ES,E,NSE
3563,ADANIGREEN,Adani Green Energy,EQ,5,1,ES,E,NSE
11927,NECLIFE,Nectar Lifesciences,EQ,5,1,ES,E,NSE
24948,L&TFH,L&T Finance Holdings,EQ,5,1,ES,E,NSE
530,BPL,BPL LTD,EQ,5,1,ES,E,NSE
28913,ROSSELLIND,Rossell India,EQ,5,1,ES,E,NSE
1497,SHIVAMILLS,Shiva Mills,EQ,5,1,ES,E,NSE
14296,SEQUENT,Sequent Scientific,EQ,5,1,ES,E,NSE
14014,LUMAXTECH,Lumax Auto Technologies,EQ,5,1,ES,E,NSE
8825,PRIVISCL,Privi Speciality Chem,EQ,5,1,ES,E,NSE
3426,TATAPOWER,Tata Power,EQ,5,1,ES,E,NSE
2142,MFSL,Max Financial Services,EQ,5,1,ES,E,NSE
3963,GOCLCORP,GOCL Corp,EQ,5,1,ES,E,NSE
11223,UCOBANK,UCO Bank,EQ,5,1,ES,E,NSE
2181,BOSCHLTD,Bosch,EQ,5,1,ES,E,NSE
14592,FORTIS,Fortis Healthcare,EQ,5,1,ES,E,NSE
1338,SDBL,SOM DIST & BREW LTD,EQ,5,1,ES,E,NSE
513,BOMDYEING,Bombay Dyeing,EQ,5,1,ES,E,NSE
3387,SMLISUZU,Sml Isuzu,EQ,5,1,ES,E,NSE
20224,JWL,Jupiter Wagons,EQ,5,1,ES,E,NSE
6445,TECHNOE,Techno Elec & Eng Co.,EQ,5,1,ES,E,NSE
21238,AUBANK,Au Small Finance Bank,EQ,5,1,ES,E,NSE
9590,POLYCAB,Polycab India,EQ,5,1,ES,E,NSE
11699,PATELENG,Patel Engineering,EQ,5,1,ES,E,NSE
11287,UPL,UPL,EQ,5,1,ES,E,NSE
1455,HIL,HIL,EQ,5,1,ES,E,NSE
13598,SELAN,Selan Exploration Technol,EQ,5,1,ES,E,NSE
21113,BFINVEST,BF Investment,EQ,5,1,ES,E,NSE
4898,FDC,FDC,EQ,5,1,ES,E,NSE
817,DCW,DCW,EQ,5,1,ES,E,NSE
21119,KICL,Kalyani Investment Co,EQ,5,1,ES,E,NSE
18659,MARATHON,Marathon Nxtgen Realt,EQ,5,1,ES,E,NSE
8124,AJANTPHARM,Ajanta Pharma,EQ,5,1,ES,E,NSE
18142,EMMBI,Emmbi Industries,EQ,5,1,ES,E,NSE
13751,NAUKRI,Info Edge,EQ,5,1,ES,E,NSE
10243,SYNGENE,Syngene International,EQ,5,1,ES,E,NSE
13900,CREST,Crest Ventures,EQ,5,1,ES,E,NSE
9897,AIRAN,Airan,EQ,5,1,ES,E,NSE
1901,CUMMINSIND,Cummins India,EQ,5,1,ES,E,NSE
11703,ALKEM,Alkem Laboratories,EQ,5,1,ES,E,NSE
17032,THYROCARE,Thyrocare Technologies,EQ,5,1,ES,E,NSE
11220,VARDHACRLC,Vardhaman Acrylics,EQ,5,1,ES,E,NSE
21726,MATRIMONY,Matrimony.Com,EQ,5,1,ES,E,NSE
8591,AKSHOPTFBR,Aksh Optifibre,EQ,5,1,ES,E,NSE
5701,CUB,City Union Bank,EQ,5,1,ES,E,NSE
14597,ALPHAGEO,Alphageo,EQ,5,1,ES,E,NSE
2885,RELIANCE,Reliance Industries,EQ,5,1,ES,E,NSE
17641,SUNTECK,Sunteck Realty,EQ,5,1,ES,E,NSE
1168,GMBREW,G M Breweries,EQ,5,1,ES,E,NSE
14982,CENTUM,Centum Electronics,EQ,5,1,ES,E,NSE
25082,TREEHOUSE,Tree House Education & Ac,EQ,5,1,ES,E,NSE
881,DRREDDY,Dr. Reddys Laboratories,EQ,5,1,ES,E,NSE
3252,SPIC,Spic,EQ,5,1,ES,E,NSE
10447,MCDOWELL-N,United Spirits,EQ,5,1,ES,E,NSE
18931,SUNDARAM,Sundaram Multi Pap,EQ,5,1,ES,E,NSE
634,IGARASHI,Igarashi Motors India,EQ,5,1,ES,E,NSE
11050,SIRCA,Sirca Paint India,EQ,5,1,ES,E,NSE
2439,NKIND,Nk Industries,EQ,5,1,ES,E,NSE
11979,HTMEDIA,HT Media,EQ,5,1,ES,E,NSE
4587,RAMCOIND,Ramco Industries,EQ,5,1,ES,E,NSE
4487,ALKYLAMINE,Alkyl Amines Chem.,EQ,5,1,ES,E,NSE
3857,VARROC,Varroc Engineering,EQ,5,1,ES,E,NSE
15141,COLPAL,Colgate Palmolive,EQ,5,1,ES,E,NSE
18581,KIRLOSBROS,Kirloskar Brothers,EQ,5,1,ES,E,NSE
2454,CENTRUM,Centrum Capital,EQ,5,1,ES,E,NSE
2598,AMJLAND,Amj Land Holdings,EQ,5,1,ES,E,NSE
3918,NATCOPHARM,Natco Pharma,EQ,5,1,ES,E,NSE
3002,WONDERLA,Wonderla Holidays,EQ,5,1,ES,E,NSE
1406,HINDPETRO,Hindustan Petroleum,EQ,5,1,ES,E,NSE
11798,ALLSEC,Allsec Technologies,EQ,5,1,ES,E,NSE
13086,AIAENG,Aia Engineering,EQ,5,1,ES,E,NSE
206,ASHIMASYN,Ashima,EQ,5,1,ES,E,NSE
3273,SRF,SRF,EQ,5,1,ES,E,NSE
5748,CYIENT,Cyient,EQ,5,1,ES,E,NSE
4481,AARTIDRUGS,Aarti Drugs,EQ,5,1,ES,E,NSE
13404,SUNTV,Sun Tv Network,EQ,5,1,ES,E,NSE
21957,INDTERRAIN,Indian Terrain Fashions,EQ,5,1,ES,E,NSE
22233,DHUNINV,Dhunseri Investments,EQ,5,1,ES,E,NSE
7902,LFIC,Lakshmi Fin Ind Corp,EQ,5,1,ES,E,NSE
8652,VETO,Veto Switchgear Cable,EQ,5,1,ES,E,NSE
2794,RSWM,RSWM,EQ,5,1,ES,E,NSE
15119,EDELWEISS,Edelweiss Financial Services,EQ,5,1,ES,E,NSE
11039,DCMNVL,Dcm Nouvelle,EQ,5,1,ES,E,NSE
368,BASF,BASF India,EQ,5,1,ES,E,NSE
10074,EMAMIPAP,Emami Paper Mills,EQ,5,1,ES,E,NSE
14260,PGIL,Pearl Global Industries,EQ,5,1,ES,E,NSE
625,CENTURYTEX,Century Textiles,EQ,5,1,ES,E,NSE
2664,PIDILITIND,Pidilite Industries,EQ,5,1,ES,E,NSE
17722,DEN,Den Networks,EQ,5,1,ES,E,NSE
11573,FORCEMOT,Force Motors,EQ,5,1,ES,E,NSE
12716,TEAMLEASE,Teamlease Services,EQ,5,1,ES,E,NSE
13116,QUICKHEAL,Quick Heal Technologies,EQ,5,1,ES,E,NSE
13310,KEI,KEI Industries,EQ,5,1,ES,E,NSE
17541,DAMODARIND,Damodar Industries,EQ,5,1,ES,E,NSE
8736,PNBGILTS,PNB Gilts,EQ,5,1,ES,E,NSE
436,IFGLEXPOR,IFGL Refractories,EQ,5,1,ES,E,NSE
28906,MAYURUNIQ,Mayur Uniquoters,EQ,5,1,ES,E,NSE
3291,STARPAPER,Star Paper Mills,EQ,5,1,ES,E,NSE
4433,HITECHGEAR,The Hi-Tech Gears,EQ,5,1,ES,E,NSE
13035,SAFARI,Safari Industries,EQ,5,1,ES,E,NSE
14672,NAVINFLUOR,Navin Fluorine,EQ,5,1,ES,E,NSE
1482,IFBAGRO,IFB Agro Industries,EQ,5,1,ES,E,NSE
24924,ELGIRUBCO,Elgi Rubber Co.,EQ,5,1,ES,E,NSE
619,CENTENKA,Century Enka,EQ,5,1,ES,E,NSE
19277,EMAMIREAL,Emami Realty,EQ,5,1,ES,E,NSE
11856,SHAHALLOYS,Shah Alloys,EQ,5,1,ES,E,NSE
21314,DYNPRO,Dynemic Products,EQ,5,1,ES,E,NSE
9917,NEOGEN,NEOGEN CHEMICALS LIMITED,EQ,5,1,ES,E,NSE
10791,NUCLEUS,Nucleus Software Exports,EQ,5,1,ES,E,NSE
10217,ADANIENSOL,Adani Energy Solutions,EQ,5,1,ES,E,NSE
10276,KAYA,Kaya,EQ,5,1,ES,E,NSE
2294,MTNL,Mahanagar Telephone Nigam,EQ,5,1,ES,E,NSE
1621,TATAINVEST,Tata Investment Corp,EQ,5,1,ES,E,NSE
263,ATUL,Atul,EQ,5,1,ES,E,NSE
10188,SHYAMCENT,Shyam Century Ferrous,EQ,5,1,ES,E,NSE
1979,LAXMIMACH,Lakshmi Machine Works,EQ,5,1,ES,E,NSE
10999,MARUTI,Maruti Suzuki India,EQ,5,1,ES,E,NSE
13756,SHIVAMAUTO,Shivam Autotech,EQ,5,1,ES,E,NSE
10588,SHREEPUSHK,Shre Push Chem & Fert,EQ,5,1,ES,E,NSE
17388,ADANIPOWER,Adani Power,EQ,5,1,ES,E,NSE
20314,NRAIL,N R Agarwal Inds,EQ,5,1,ES,E,NSE
21828,TEXRAIL,Texmaco Rail & Engineering,EQ,5,1,ES,E,NSE
19531,BAJAJCON,Bajaj Consumer Care,EQ,5,1,ES,E,NSE
30089,ORIENTCEM,Orient Cement,EQ,5,1,ES,E,NSE
13925,NFL,National Fertilizers,EQ,5,1,ES,E,NSE
2031,M&M,Mahindra & Mahindra,EQ,5,1,ES,E,NSE
15360,NAHARCAP,Nahar Cap & Fin.,EQ,5,1,ES,E,NSE
404,BERGEPAINT,Berger Paints,EQ,5,1,ES,E,NSE
9354,TAJGVK,Taj Gvk Hotels & Resorts,EQ,5,1,ES,E,NSE
12603,PRECAM,Precision Camshafts,EQ,5,1,ES,E,NSE
7929,ZYDUSLIFE,Zydus life,EQ,5,1,ES,E,NSE
18944,KINGFA,Kingfa Sci & Tec Ind,EQ,5,1,ES,E,NSE
2739,PRSMJOHNSN,Prism Johnson,EQ,5,1,ES,E,NSE
20560,DOLLAR,Dollar Industries,EQ,5,1,ES,E,NSE
13791,PARSVNATH,Parsvnath Developer,EQ,5,1,ES,E,NSE
14435,JKTYRE,JK Tyre & Industries,EQ,5,1,ES,E,NSE
19036,PODDARMENT,Poddar Pigments,EQ,5,1,ES,E,NSE
1073,FOSECOIND,FOSECO,EQ,5,1,ES,E,NSE
7553,NRBBEARING,NRB Bearings,EQ,5,1,ES,E,NSE
11212,SHK,S H Kelkar And Company,EQ,5,1,ES,E,NSE
25017,BODALCHEM,Bodal Chemicals,EQ,5,1,ES,E,NSE
13710,FIEMIND,Fiem Industries,EQ,5,1,ES,E,NSE
29135,INDUSTOWER,Indus Towers Ltd,EQ,5,1,ES,E,NSE
19184,SFL,Sheela Foam,EQ,5,1,ES,E,NSE
13511,MUNJALAU,Munjal Auto Industries,EQ,5,1,ES,E,NSE
1808,KAJARIACER,Kajaria Ceramics,EQ,5,1,ES,E,NSE
15234,AMBIKCO,Ambika Cotton Mill,EQ,5,1,ES,E,NSE
24870,INVENTURE,INVENTURE GRO & SEC LTD,EQ,5,1,ES,E,NSE
21713,LASA,LASA SUPERGENERICS LTD,EQ,5,1,ES,E,NSE
1838,KARURVYSYA,Karur Vysya Bank,EQ,5,1,ES,E,NSE
312,TIINDIA,Tube Invest Of India,EQ,5,1,ES,E,NSE
1964,TRENT,Trent,EQ,5,1,ES,E,NSE
1597,INGERRAND,Ingersoll-Rand India,EQ,5,1,ES,E,NSE
21808,SBILIFE,SBI Life Insurance,EQ,5,1,ES,E,NSE
4184,SANGAMIND,Sangam,EQ,5,1,ES,E,NSE
13101,VIMTALABS,Vimta Labs,EQ,5,1,ES,E,NSE
13693,INFOMEDIA,Infomedia Press,EQ,5,1,ES,E,NSE
14068,SAGCEM,Sagar Cements,EQ,5,1,ES,E,NSE
15179,ECLERX,Eclerx Services,EQ,5,1,ES,E,NSE
8998,MRO-TEK,MRO-TEK REALTY LIMITED,EQ,5,1,ES,E,NSE
16589,VAISHALI,Vaishali Pharma,EQ,5,1,ES,E,NSE
1232,GRASIM,Grasim Industries,EQ,5,1,ES,E,NSE
19299,ITDC,ITDC,EQ,5,1,ES,E,NSE
772,DABUR,Dabur India,EQ,5,1,ES,E,NSE
1726,JBCHEPHARM,J.B.Chemicals & Pharma,EQ,5,1,ES,E,NSE
14361,APOLLOPIPE,Apollo Pipes,EQ,5,1,ES,E,NSE
11364,VAIBHAVGBL,Vaibhav Global,EQ,5,1,ES,E,NSE
13463,PIONEEREMB,Pioneer Embroideries,EQ,5,1,ES,E,NSE
11723,JSWSTEEL,JSW Steel,EQ,5,1,ES,E,NSE
3357,SUPERSPIN,Super Spinning Mills,EQ,5,1,ES,E,NSE
11427,NDTV,NDTV,EQ,5,1,ES,E,NSE
13182,ROHLTD,Royal Orchid Hotels,EQ,5,1,ES,E,NSE
805,DCM,DCM,EQ,5,1,ES,E,NSE
11677,INDOCO,Indoco Remedies,EQ,5,1,ES,E,NSE
14922,PURVA,Puravankara,EQ,5,1,ES,E,NSE
4594,KOTHARIPET,Kothari Petrochem,EQ,5,1,ES,E,NSE
14003,ZEEMEDIA,ZEE MEDIA CORPORATION LTD,EQ,5,1,ES,E,NSE
17927,BAYERCROP,Bayer Cropscience,EQ,5,1,ES,E,NSE
18479,ISFT,Intrasoft Technologies,EQ,5,1,ES,E,NSE
17438,OIL,Oil India,EQ,5,1,ES,E,NSE
199,MASFIN,Mas Financial Services,EQ,5,1,ES,E,NSE
17333,MHRIL,Mahindra Holidays,EQ,5,1,ES,E,NSE
2124,MASTEK,Mastek,EQ,5,1,ES,E,NSE
2493,ORIENTHOT,Orient Hotels,EQ,5,1,ES,E,NSE
25340,VASWANI,Vaswani Ind,EQ,5,1,ES,E,NSE
31234,SCHNEIDER,Schneider Electric Infra,EQ,5,1,ES,E,NSE
10238,CONFIPET,Confidence Petro Ind,EQ,5,1,ES,E,NSE
17632,COMPINFO,Compuage Infocom,EQ,5,1,ES,E,NSE
6198,FCL,Fineotex Chemical,EQ,5,1,ES,E,NSE
21017,FMNL,Future Mkt Networks,EQ,5,1,ES,E,NSE
10700,SURANAT&P,Surana Telecom And Pow Lt,EQ,5,1,ES,E,NSE
14278,ORIENTBELL,Orient Bell,EQ,5,1,ES,E,NSE
305,BAJAJHLDNG,Bajaj Holdings and Investments,EQ,5,1,ES,E,NSE
714,SHALBY,Shalby,EQ,5,1,ES,E,NSE
6216,CAMLINFINE,Camlin Fine,EQ,5,1,ES,E,NSE
7053,ACCELYA,Accelya Solutions India,EQ,5,1,ES,E,NSE
20296,SHAH,Gyscoal Alloys,EQ,5,1,ES,E,NSE
13740,SHYAMTEL,Shyam Telecom,EQ,5,1,ES,E,NSE
16783,GET&D,Ge T&D India,EQ,5,1,ES,E,NSE
17851,DLINKINDIA,D-Link,EQ,5,1,ES,E,NSE
467,HDFCLIFE,HDFC Life,EQ,5,1,ES,E,NSE
3745,WATERBASE,Waterbase,EQ,5,1,ES,E,NSE
1156,GLFL,GUJARAT LEASE FINANCING L,EQ,5,1,ES,E,NSE
2106,MANGLMCEM,Mangalam Cement,EQ,5,1,ES,E,NSE
15355,RECLTD,REC,EQ,5,1,ES,E,NSE
19142,UMESLTD,USHA MARTIN EDU & SOL LTD,EQ,5,1,ES,E,NSE
2421,NILKAMAL,Nilkamal,EQ,5,1,ES,E,NSE
3138,HONDAPOWER,Honda Siel Power Products,EQ,5,1,ES,E,NSE
11403,POONAWALLA,Poonawalla Fincorp,EQ,5,1,ES,E,NSE
21749,CAPACITE,Capacite Infraproject,EQ,5,1,ES,E,NSE
2256,PENINLAND,Peninsula Land,EQ,5,1,ES,E,NSE
5204,GMDCLTD,Gujarat Mineral Dev Corp,EQ,5,1,ES,E,NSE
30125,IBULHSGFIN,Indiabulls Housing Finance,EQ,5,1,ES,E,NSE
5622,ITDCEM,ITD Cementation India,EQ,5,1,ES,E,NSE
17130,PARAGMILK,Parag Milk Foods,EQ,5,1,ES,E,NSE
2687,POLYPLEX,Polyplex Corporation,EQ,5,1,ES,E,NSE
2837,RANASUG,RANA SUGARS LTD.,EQ,5,1,ES,E,NSE
2481,ONWARDTEC,Onward Technologies,EQ,5,1,ES,E,NSE
3724,VSTIND,VST Industries,EQ,5,1,ES,E,NSE
18391,RBLBANK,RBL Bank,EQ,5,1,ES,E,NSE
15288,HERCULES,Hercules Hoists,EQ,5,1,ES,E,NSE
14106,AUTOIND,Autoline Industries,EQ,5,1,ES,E,NSE
10932,RADAAN,Radaan Mediaworks (I),EQ,5,1,ES,E,NSE
8119,RPSGVENT, RPSG VENTURES,EQ,5,1,ES,E,NSE
15209,PPAP,PPAP Automotive,EQ,5,1,ES,E,NSE
15007,MANGCHEFER,Mangalore Chemicals & Fer,EQ,5,1,ES,E,NSE
3048,SCI,Shipping Corp Of India,EQ,5,1,ES,E,NSE
12022,AURIONPRO,Aurionpro Soln,EQ,5,1,ES,E,NSE
17295,NAGAFERT,NAGARJUN FERT AND CHE LTD,EQ,5,1,ES,E,NSE
1139,GICHSGFIN,GIC Housing Finance,EQ,5,1,ES,E,NSE
17818,LTIM,LTIMindtree Ltd,EQ,5,1,ES,E,NSE
17987,TRF,TRF,EQ,5,1,ES,E,NSE
2606,LEMONTREE,Lemon Tree Hotels,EQ,5,1,ES,E,NSE
1508,ASTERDM,Aster Dm Healthcare,EQ,5,1,ES,E,NSE
17307,AJMERA,Ajmera Realty & Infra Ind,EQ,5,1,ES,E,NSE
13192,ENIL,Entertainment Network,EQ,5,1,ES,E,NSE
11399,SALZERELEC,Salzer Electronics,EQ,5,1,ES,E,NSE
13839,DONEAR,Donear Ind.,EQ,5,1,ES,E,NSE
2610,PEARLPOLY,Pearl Polymers,EQ,5,1,ES,E,NSE
13510,AKASH,AKASH INFRA-PROJECTS LTD,EQ,5,1,ES,E,NSE
13826,SOBHA,Sobha,EQ,5,1,ES,E,NSE
2616,SEAMECLTD,Seamec,EQ,5,1,ES,E,NSE
16965,TATAMTRDVR,Tata Motors Dvr,EQ,5,1,ES,E,NSE
15332,NMDC,NMDC,EQ,5,1,ES,E,NSE
10580,TCI,Transport Corporation Of India,EQ,5,1,ES,E,NSE
12847,KRISHANA,KRISHANA PHOSCHEM LIMITED,EQ,5,1,ES,E,NSE
30023,ATULAUTO,Atul Auto,EQ,5,1,ES,E,NSE
3837,TOKYOPLAST,Tokyo Plast Intl,EQ,5,1,ES,E,NSE
445,5PAISA,5Paisa Capital,EQ,5,1,ES,E,NSE
13875,JINDRILL,Jindal Drilling & Ind.,EQ,5,1,ES,E,NSE
7374,STAR,Strides Pharma Science,EQ,5,1,ES,E,NSE
641,DNAMEDIA,DILIGENT MEDIA CORP LTD.,EQ,5,1,ES,E,NSE
1313,HARRMALAYA,Harrison Malayalam,EQ,5,1,ES,E,NSE
16045,PRINCEPIPE,Prince Pipes Fittings,EQ,5,1,ES,E,NSE
4394,MIRZAINT,Mirza International Limit,EQ,5,1,ES,E,NSE
21399,GANGESSECU,Ganges Securities,EQ,5,1,ES,E,NSE
16986,COUNCODOS,Country Condo'S,EQ,5,1,ES,E,NSE
477,BIRLACABLE,Birla Cable,EQ,5,1,ES,E,NSE
14309,INDIANB,Indian Bank,EQ,5,1,ES,E,NSE
14813,ADSL,Allied Digital Serv.,EQ,5,1,ES,E,NSE
3063,VEDL,Vedanta,EQ,5,1,ES,E,NSE
18504,TVVISION,TV VISION LIMITED,EQ,5,1,ES,E,NSE
6733,JINDALSTEL,Jindal Steel,EQ,5,1,ES,E,NSE
16933,INDBANK,Indbank Merch Bank,EQ,5,1,ES,E,NSE
29877,VIVIDHA,Visagar Polytex,EQ,5,1,ES,E,NSE
11452,CCL,CCL Products,EQ,5,1,ES,E,NSE
17603,MAHEPC,Mahindra Epc Irrigation,EQ,5,1,ES,E,NSE
341,BALRAMCHIN,Balrampur Chini Mills,EQ,5,1,ES,E,NSE
15283,KNRCON,Knr Constructions,EQ,5,1,ES,E,NSE
11262,IGL,Indraprastha Gas,EQ,5,1,ES,E,NSE
8424,VIPULLTD,Vipul,EQ,5,1,ES,E,NSE
1174,GNFC,Gujarat Narmada Valley F&C,EQ,5,1,ES,E,NSE
13451,RATNAMANI,Ratnamani Metals & Tubes,EQ,5,1,ES,E,NSE
7,AARTIIND,Aarti Industries,EQ,5,1,ES,E,NSE
18321,LGBBROSLTD,LG Balakrishnan & Bros,EQ,5,1,ES,E,NSE
20203,URJA,Urja Global,EQ,5,1,ES,E,NSE
9867,NEXTMEDIA,Next Mediaworks,EQ,5,1,ES,E,NSE
11184,IDFCFIRSTB,IDFC First Bank,EQ,5,1,ES,E,NSE
17062,PALREDTEC,Palred Technologies Limited,EQ,5,1,ES,E,NSE
13175,NITINSPIN,Nitin Spinners,EQ,5,1,ES,E,NSE
4391,GULFOILLUB,Gulf Oil Lubricants India,EQ,5,1,ES,E,NSE
14947,MOTILALOFS,Motilal Oswal Fin Serv,EQ,5,1,ES,E,NSE
20188,WABAG,Va Tech Wabag,EQ,5,1,ES,E,NSE
3066,SESHAPAPER,Seshasayee Paper & Boards,EQ,5,1,ES,E,NSE
24196,VADILALIND,Vadilal Industries,EQ,5,1,ES,E,NSE
28859,PROZONER,Prozone realty,EQ,5,1,ES,E,NSE
4525,DYNAMATECH,Dynamatic Technologies,EQ,5,1,ES,E,NSE
20425,NACLIND,NACL Industries,EQ,5,1,ES,E,NSE
19761,ADFFOODS,ADF Foods,EQ,5,1,ES,E,NSE
1675,ITI,ITI,EQ,5,1,ES,E,NSE
10905,GENESYS,Genesys Intl Corpn,EQ,5,1,ES,E,NSE
25358,PGEL,PG Electroplast,EQ,5,1,ES,E,NSE
31415,NBCC,NBCC,EQ,5,1,ES,E,NSE
14602,WEBELSOLAR,Websol Energy System,EQ,5,1,ES,E,NSE
13342,VAKRANGEE,Vakrangee,EQ,5,1,ES,E,NSE
426,BHARATGEAR,Bharat Gears,EQ,5,1,ES,E,NSE
20698,SCHAND,S Chand And Company,EQ,5,1,ES,E,NSE
2809,RAJSREESUG,RAJSHREE SUGAR & CHEMICAL,EQ,5,1,ES,E,NSE
4067,MARICO,Marico,EQ,5,1,ES,E,NSE
20196,BEDMUTHA,Bedmutha Industries,EQ,5,1,ES,E,NSE
11359,DHANBANK,Dhanlaxmi Bank,EQ,5,1,ES,E,NSE
19372,SPCENET,Spacenet Enters Ind,EQ,5,1,ES,E,NSE
1085,GABRIEL,Gabriel India,EQ,5,1,ES,E,NSE
21469,OPTIEMUS,Optiemus Infracom,EQ,5,1,ES,E,NSE
31138,COMPUSOFT,Compucom Software,EQ,5,1,ES,E,NSE
5528,KOTHARIPRO,Kothari Products,EQ,5,1,ES,E,NSE
2319,NCC,NCC,EQ,5,1,ES,E,NSE
6961,MENONBE,Menon Bearings,EQ,5,1,ES,E,NSE
15194,BURNPUR,Burnpur Cement,EQ,5,1,ES,E,NSE
5948,SOUTHBANK,South Indian Bank,EQ,5,1,ES,E,NSE
11373,BIOCON,Biocon,EQ,5,1,ES,E,NSE
14440,NAHARSPING,Nahar Spinning Mills,EQ,5,1,ES,E,NSE
20080,EROSMEDIA,Eros International Media,EQ,5,1,ES,E,NSE
3637,JUBLPHARMA,Jubilant Life Science,EQ,5,1,ES,E,NSE
17764,REFEX,Refex Industries,EQ,5,1,ES,E,NSE
11483,LT,LT - Larsen & Tubro,EQ,5,1,ES,E,NSE
34,ADORWELD,Ador Welding,EQ,5,1,ES,E,NSE
17507,INCREDIBLE,Adhunik Industries,EQ,5,1,ES,E,NSE
15083,ADANIPORTS,Adani Ports,EQ,5,1,ES,E,NSE
18652,ICICIPRULI,ICICI Prudential Life Ins.,EQ,5,1,ES,E,NSE
11596,LINCOLN,Lincoln Pharma,EQ,5,1,ES,E,NSE
10993,INDORAMA,Indo Rama Synthetics,EQ,5,1,ES,E,NSE
10285,AYMSYNTEX,Aym Syntex,EQ,5,1,ES,E,NSE
8479,TVSMOTOR,TVS Motors,EQ,5,1,ES,E,NSE
18679,HPL,Hpl Electric & Power,EQ,5,1,ES,E,NSE
3761,RITES,Rites,EQ,5,1,ES,E,NSE
18252,SPAL,S. P. Apparels,EQ,5,1,ES,E,NSE
10530,SHARDAMOTR,Sharda Motor Industries,EQ,5,1,ES,E,NSE
5142,CIGNITITEC,Cigniti Technologies,EQ,5,1,ES,E,NSE
1363,HINDALCO,Hindalco Industries,EQ,5,1,ES,E,NSE
3345,SUNDRMFAST,Sundram Fasteners,EQ,5,1,ES,E,NSE
14304,FSL,Firstsource Solutions,EQ,5,1,ES,E,NSE
19205,HEADSUP,The Mandhana Ret Vent,EQ,5,1,ES,E,NSE
3324,SUBROS,Subros,EQ,5,1,ES,E,NSE
13982,JASH,JASH ENGINEERING LIMITED,EQ,5,1,ES,E,NSE
11155,CREATIVE,Creative Peri & Dist,EQ,5,1,ES,E,NSE
21623,APEX,Apex Frozen Foods,EQ,5,1,ES,E,NSE
583,CANFINHOME,Can Fin Homes,EQ,5,1,ES,E,NSE
1250,CASTROLIND,Castrol India,EQ,5,1,ES,E,NSE
742,COSMOFIRST,Cosmo First,EQ,5,1,ES,E,NSE
23650,MUTHOOTFIN,Muthoot Finance,EQ,5,1,ES,E,NSE
7463,MANAKSTEEL,Manaksia Steels,EQ,5,1,ES,E,NSE
4204,MOTHERSON,MOTHERSON,EQ,5,1,ES,E,NSE
2277,MRF,MRF,EQ,5,1,ES,E,NSE
9428,SKIPPER,Skipper,EQ,5,1,ES,E,NSE
11407,XPROINDIA,Xpro India,EQ,5,1,ES,E,NSE
6596,SONATSOFTW,Sonata Software,EQ,5,1,ES,E,NSE
10768,OAL,Oriental Aromatics,EQ,5,1,ES,E,NSE
13211,JAGRAN,Jagran Prakashan,EQ,5,1,ES,E,NSE
1521,INDIAGLYCO,India Glycols,EQ,5,1,ES,E,NSE
5258,INDUSINDBK,Indusind Bank,EQ,5,1,ES,E,NSE
9046,AGROPHOS,Agro Phos India,EQ,5,1,ES,E,NSE
15199,MANAKSIA,MANAKSIA LTD.,EQ,5,1,ES,E,NSE
13786,TORNTPOWER,Torrent Power,EQ,5,1,ES,E,NSE
1375,HCC,Hindustan Construction Company,EQ,5,1,ES,E,NSE
20830,MOIL,Moil,EQ,5,1,ES,E,NSE
17770,GROBTEA,The Grob Tea Company,EQ,5,1,ES,E,NSE
1023,FEDERALBNK,Federal Bank,EQ,5,1,ES,E,NSE
1576,GILLETTE,Gillette India,EQ,5,1,ES,E,NSE
20642,JINDWORLD,Jindal Worldwide,EQ,5,1,ES,E,NSE
18564,LTTS,L&T Technology Services,EQ,5,1,ES,E,NSE
6994,BSOFT,Birlasoft,EQ,5,1,ES,E,NSE
15347,GSS,GSS Infotech,EQ,5,1,ES,E,NSE
2112,MARALOVER,Maral Overseas,EQ,5,1,ES,E,NSE
6125,GOODLUCK,Goodluck India,EQ,5,1,ES,E,NSE
11511,CENTEXT,Century Extrusions,EQ,5,1,ES,E,NSE
16639,KIRIINDUS,Kiri Industries,EQ,5,1,ES,E,NSE
8828,GAEL,Gujarat Ambuja Exports,EQ,5,1,ES,E,NSE
14537,DISHTV,Dish TV,EQ,5,1,ES,E,NSE
20906,A2ZINFRA,A2Z Infra Engineering,EQ,5,1,ES,E,NSE
724,TATACOFFEE,Tata Coffee,EQ,5,1,ES,E,NSE
9014,ANUP,The Anup Engineering,EQ,5,1,ES,E,NSE
15254,CEATLTD,CEAT,EQ,5,1,ES,E,NSE
10948,STCINDIA,The State Trading Corpn,EQ,5,1,ES,E,NSE
13688,GATI,GATI,EQ,5,1,ES,E,NSE
595,CARBORUNIV,Carborundum Universal,EQ,5,1,ES,E,NSE
22415,LOVABLE,Lovable Lingerie,EQ,5,1,ES,E,NSE
1190,FMGOETZE,Federal-Mogul Goetze,EQ,5,1,ES,E,NSE
14245,TVSSRICHAK,TVS Srichakra,EQ,5,1,ES,E,NSE
12018,SUZLON,Suzlon,EQ,5,1,ES,E,NSE
2283,MRPL,MRPL,EQ,5,1,ES,E,NSE
9356,MSTCLTD,MSTC,EQ,5,1,ES,E,NSE
11852,SURYALAXMI,Suryalakshmi Cotton Mills,EQ,5,1,ES,E,NSE
28899,KITEX,Kitex Garments,EQ,5,1,ES,E,NSE
11293,UNIENTER,Uniphos Enterprises,EQ,5,1,ES,E,NSE
15303,BANG,Bang Overseas,EQ,5,1,ES,E,NSE
14198,TIMKEN,Timken India,EQ,5,1,ES,E,NSE
3980,TNPL,Tamilnadu Newsprt & Paper,EQ,5,1,ES,E,NSE
10726,INDIAMART,Indiamart,EQ,5,1,ES,E,NSE
958,ESCORTS,Escorts Kubota,EQ,5,1,ES,E,NSE
4041,JAYAGROGN,Jayant Agro Organics,EQ,5,1,ES,E,NSE
15883,HINDWAREAP,Somany Hom Innovation,EQ,5,1,ES,E,NSE
3327,SUDARSCHEM,Sudarshan Chemical Inds L,EQ,5,1,ES,E,NSE
5385,AAVAS,Aavas Financiers,EQ,5,1,ES,E,NSE
15228,UJJIVANSFB,Ujjivan Small Finance Bank,EQ,5,1,ES,E,NSE
25780,APLAPOLLO,Apl Apollo Tubes,EQ,5,1,ES,E,NSE
9931,VIKASLIFE,VIKAS Lifecare,EQ,5,1,ES,E,NSE
17869,JSWENERGY,JSW Energy,EQ,5,1,ES,E,NSE
17625,MOLDTECH,Mold-Tek Technologies,EQ,5,1,ES,E,NSE
19913,DMART,Avenue Supermarts,EQ,5,1,ES,E,NSE
14917,TAKE,Take Solutions,EQ,5,1,ES,E,NSE
12026,RENUKA,Shree Renuka Sugars,EQ,5,1,ES,E,NSE
21131,TEJASNET,Tejas Networks,EQ,5,1,ES,E,NSE
11864,PRIMESECU,Prime Securities,EQ,5,1,ES,E,NSE
1515,INDIACEM,India Cements,EQ,5,1,ES,E,NSE
18883,SJVN,SJVN,EQ,5,1,ES,E,NSE
4007,CORALFINAC,Coral India Finance,EQ,5,1,ES,E,NSE
19931,ORISSAMINE,Orissa Min Dev Co,EQ,5,1,ES,E,NSE
3721,TATACOMM,Tata Communications,EQ,5,1,ES,E,NSE
3411,TATAELXSI,Tata Elxsi,EQ,5,1,ES,E,NSE
14043,SARLAPOLY,Sarla Perf. Fibers,EQ,5,1,ES,E,NSE
20178,AKSHARCHEM,Aksharchem India,EQ,5,1,ES,E,NSE
11471,EXCELINDUS,Excel Industries,EQ,5,1,ES,E,NSE
14466,KIRLFER,Kirloskar Ferrous Ind,EQ,5,1,ES,E,NSE
14889,ASIANTILES,Asian Granito India,EQ,5,1,ES,E,NSE
11909,SWELECTES,Swelect Energy Systems,EQ,5,1,ES,E,NSE
21740,CHOLAHLDNG,Cholamandalam Fin Hol,EQ,5,1,ES,E,NSE
157,APOLLOHOSP,Apollo Hospitals,EQ,5,1,ES,E,NSE
3506,TITAN,Titan,EQ,5,1,ES,E,NSE
10666,PNB,Punjab National Bank,EQ,5,1,ES,E,NSE
335,BALKRISIND,Balkrishna Ind.,EQ,5,1,ES,E,NSE
3348,SUNFLAG,Sunflag Iron,EQ,5,1,ES,E,NSE
1660,ITC,ITC,EQ,5,1,ES,E,NSE
3417,HONAUT,Honeywell Automation,EQ,5,1,ES,E,NSE
3129,SHREYAS,Shreyas Shipping & Logist,EQ,5,1,ES,E,NSE
19631,PRICOLLTD,Pricol,EQ,5,1,ES,E,NSE
21770,ICICIGI,ICICI Lombard General Ins.,EQ,5,1,ES,E,NSE
20877,PSPPROJECT,PSP Projects,EQ,5,1,ES,E,NSE
1127,GHCL,GHCL,EQ,5,1,ES,E,NSE
857,DHAMPURSUG,Dhampur Sugar Mills,EQ,5,1,ES,E,NSE
20092,TASTYBITE,Tasty Bite Eatables,EQ,5,1,ES,E,NSE
8840,USHAMART,Usha Martin,EQ,5,1,ES,E,NSE
5143,JAICORPLTD,Jai Corp,EQ,5,1,ES,E,NSE
25718,POLYMED,Poly Medicure,EQ,5,1,ES,E,NSE
25574,SHAKTIPUMP,Shakti Pumps,EQ,5,1,ES,E,NSE
7852,INOXWIND,Inox Wind,EQ,5,1,ES,E,NSE
18571,GNA,G N A Axles,EQ,5,1,ES,E,NSE
16669,BAJAJ-AUTO,Bajaj Auto,EQ,5,1,ES,E,NSE
14745,ADVANIHOTR,Advani Hotels & Resorts,EQ,5,1,ES,E,NSE
27297,RTNINDIA,RATTANINDIA ENT LIMITED,EQ,5,1,ES,E,NSE
11309,BALAXI,BALAXI PHARMA LTD,EQ,5,1,ES,E,NSE
20374,COALINDIA,Coal India,EQ,5,1,ES,E,NSE
8054,KTKBANK,Karnataka Bank,EQ,5,1,ES,E,NSE
11253,WELSPUNIND,Welspun India,EQ,5,1,ES,E,NSE
15214,DVL,Dhunseri Ventures,EQ,5,1,ES,E,NSE
2988,SANDESH,Sandesh,EQ,5,1,ES,E,NSE
14523,ICRA,ICRA,EQ,5,1,ES,E,NSE
1672,HGINFRA,H.G.Infra Engineering,EQ,5,1,ES,E,NSE
14480,GOKULAGRO,Gokul Agro Resources,EQ,5,1,ES,E,NSE
29050,ZUARI,Zuari Agro Chemicals,EQ,5,1,ES,E,NSE
21001,PSB,Punjab & Sind Bank,EQ,5,1,ES,E,NSE
16725,RPGLIFE,RPG Life Sciences,EQ,5,1,ES,E,NSE
7413,MANAKCOAT,Man Coat Metal & Ind,EQ,5,1,ES,E,NSE
3718,VOLTAS,Voltas,EQ,5,1,ES,E,NSE
981,EPL,Essel Propack,EQ,5,1,ES,E,NSE
480,BIRLACORPN,Birla Corporation,EQ,5,1,ES,E,NSE
163,APOLLOTYRE,Apollo Tyres,EQ,5,1,ES,E,NSE
27095,SWANENERGY,Swan Energy,EQ,5,1,ES,E,NSE
14937,CIEINDIA,Mahindra Cie Auto,EQ,5,1,ES,E,NSE
277,GICRE,General Ins Corp Of India,EQ,5,1,ES,E,NSE
19061,MANAPPURAM,Manappuram Finance,EQ,5,1,ES,E,NSE
4105,SILINV,Sil Investments,EQ,5,1,ES,E,NSE
20621,PENIND,Pennar Industries,EQ,5,1,ES,E,NSE
11841,KENNAMET,Kennametal India,EQ,5,1,ES,E,NSE
29284,VMART,Vmart Retail,EQ,5,1,ES,E,NSE
7982,GRWRHITECH,Garware Hi-Tech Films,EQ,5,1,ES,E,NSE
13976,TANLA,Tanla Platforms,EQ,5,1,ES,E,NSE
11032,SANGINITA,Sanginita Chemicals,EQ,5,1,ES,E,NSE
11935,SPLIL,Spl Industries,EQ,5,1,ES,E,NSE
11915,YESBANK,Yes Bank,EQ,5,1,ES,E,NSE
25690,DSSL,Dynacons Sys & Soln,EQ,5,1,ES,E,NSE
21275,SUMMITSEC,Summit Securities,EQ,5,1,ES,E,NSE
1076,ZENSARTECH,Zensar Technologies,EQ,5,1,ES,E,NSE
13565,RAMANEWS,Shree Rama Newsprint,EQ,5,1,ES,E,NSE
18371,NDGL,Naga Dhunseri Group,EQ,5,1,ES,E,NSE
17963,NESTLEIND,Nestle India,EQ,5,1,ES,E,NSE
3672,SOLARA,Solara Active Pharma Scie,EQ,5,1,ES,E,NSE
18124,DBREALTY,D B Realty,EQ,5,1,ES,E,NSE
11543,COFORGE,Coforge Limited,EQ,5,1,ES,E,NSE
1467,AKZOINDIA,Akzo Nobel,EQ,5,1,ES,E,NSE
28877,MORARJEE,Morarjee Textiles,EQ,5,1,ES,E,NSE
16719,ALMONDZ,Almondz Global Securities,EQ,5,1,ES,E,NSE
21541,JUBLINDS,Jubilant Industries,EQ,5,1,ES,E,NSE
347,BANARBEADS,Banaras Beads,EQ,5,1,ES,E,NSE
1663,ATFL,Agro Tech Foods,EQ,5,1,ES,E,NSE
11355,PTC,Ptc India,EQ,5,1,ES,E,NSE
3676,VESUVIUS,Vesuvius India,EQ,5,1,ES,E,NSE
15174,TRIL,Trans & Recti.,EQ,5,1,ES,E,NSE
17833,AHLUCONT,Ahluwalia Contracts,EQ,5,1,ES,E,NSE
10099,GODREJCP,Godrej Consumer Products,EQ,5,1,ES,E,NSE
12124,DOLATALGO,Dolat Investments,EQ,5,1,ES,E,NSE
14657,INSECTICID,Insecticides,EQ,5,1,ES,E,NSE
13421,EMKAY,Emkay Global Fin Serv,EQ,5,1,ES,E,NSE
910,EICHERMOT,Eicher Motors,EQ,5,1,ES,E,NSE
11905,GENUSPOWER,Genus Power Infrastru,EQ,5,1,ES,E,NSE
13821,RUCHIRA,Ruchira Papers,EQ,5,1,ES,E,NSE
30108,ABFRL,Aditya Birla Fashion,EQ,5,1,ES,E,NSE
20302,PRESTIGE,Prestige Estates Projects,EQ,5,1,ES,E,NSE
11872,GRANULES,Granules India,EQ,5,1,ES,E,NSE
31507,JPOLYINVST,Jind Pol Inv & Fin Co,EQ,5,1,ES,E,NSE
425,KHADIM,Khadim India,EQ,5,1,ES,E,NSE
6385,CCHHL,Country Club Hospitality,EQ,5,1,ES,E,NSE
14299,PFC,Power Finance Corporation,EQ,5,1,ES,E,NSE
13810,GREENPANEL,Greenpanel Industries,EQ,5,1,ES,E,NSE
18208,ORIENTLTD,Orient Press,EQ,5,1,ES,E,NSE
17256,ALBERTDAVD,Albert David,EQ,5,1,ES,E,NSE
11058,SECURKLOUD,SECUREKLOUD TECH LIMITED,EQ,5,1,ES,E,NSE
13776,GESHIP,The Ge Shpg.Ltd,EQ,5,1,ES,E,NSE
15068,RELIGARE,Religare Enterprises,EQ,5,1,ES,E,NSE
11957,IDFC,IDFC,EQ,5,1,ES,E,NSE
11813,SHOPERSTOP,Shoppers Stop,EQ,5,1,ES,E,NSE
29124,PCJEWELLER,PC JEWELLER LTD,EQ,5,1,ES,E,NSE
19943,DEEPAKNTR,Deepak Nitrite,EQ,5,1,ES,E,NSE
4503,MPHASIS,Mphasis,EQ,5,1,ES,E,NSE
13941,PRAENG,Prajay Eng. Syn.,EQ,5,1,ES,E,NSE
10310,AURUM,Majesco,EQ,5,1,ES,E,NSE
3363,SUPREMEIND,Supreme Industries,EQ,5,1,ES,E,NSE
278,AUTOAXLES,Automotive Axles,EQ,5,1,ES,E,NSE
8050,MAHLIFE,Mahindra Lifespace Devltd,EQ,5,1,ES,E,NSE
11239,NSIL,Nalwa Sons Investments Lt,EQ,5,1,ES,E,NSE
13381,KKCL,Kewal Kiran Clothing,EQ,5,1,ES,E,NSE
4279,DENORA,De Nora India,EQ,5,1,ES,E,NSE
14116,GANDHITUBE,Gandhi Spl. Tubes,EQ,5,1,ES,E,NSE
7401,RAJESHEXPO,Rajesh Exports,EQ,5,1,ES,E,NSE
4870,INDSWFTLAB,IND SWIFT LABORATORIES LT,EQ,5,1,ES,E,NSE
3987,GREENPLY,Greenply Industries,EQ,5,1,ES,E,NSE
11065,NATHBIOGEN,Nath Bio-Genes,EQ,5,1,ES,E,NSE
3432,TATACONSUM,Tata Consumer Products,EQ,5,1,ES,E,NSE
13290,BLKASHYAP,B.L.KASHYAP & SON LTD,EQ,5,1,ES,E,NSE
13796,MANALIPETC,Manali Petrochemicals Lt,EQ,5,1,ES,E,NSE
4717,GAIL,GAIL,EQ,5,1,ES,E,NSE
2705,PRAJIND,Praj Industries,EQ,5,1,ES,E,NSE
317,BAJFINANCE,Bajaj Finance,EQ,5,1,ES,E,NSE
14096,SIYSIL,Siyaram Silk Mills,EQ,5,1,ES,E,NSE
11860,JKPAPER,JK Paper,EQ,5,1,ES,E,NSE
9384,CREATIVEYE,Creative Eye,EQ,5,1,ES,E,NSE
20063,SASTASUNDR,SASTASUNDAR VENTURES LTD,EQ,5,1,ES,E,NSE
25897,MINDACORP,Minda Corporation,EQ,5,1,ES,E,NSE
13844,MMFL,M.M.Forgings,EQ,5,1,ES,E,NSE
10297,PPL,Prakash Pipes,EQ,5,1,ES,E,NSE
13658,GEECEE,Geecee Ventures,EQ,5,1,ES,E,NSE
17263,ARMANFIN,Arman Financial Services,EQ,5,1,ES,E,NSE
7420,MANAKALUCO,Manaksia Aluminium Company,EQ,5,1,ES,E,NSE
15044,DELTACORP,Delta Corp,EQ,5,1,ES,E,NSE
928,ELECTCAST,Electrosteel Castings,EQ,5,1,ES,E,NSE
17635,ZYDUSWELL,Zydus Wellness,EQ,5,1,ES,E,NSE
676,EXIDEIND,Exide Industries,EQ,5,1,ES,E,NSE
11626,WELENT,Welspun Enterprises,EQ,5,1,ES,E,NSE
13457,KAMDHENU,Kamdhenu,EQ,5,1,ES,E,NSE
18039,ADVENZYMES,Advanced Enzyme Tech,EQ,5,1,ES,E,NSE
14966,CSBBANK,CSB Bank,EQ,5,1,ES,E,NSE
2643,PFIZER,Pfizer,EQ,5,1,ES,E,NSE
9683,KPITTECH,Kpit Technologies,EQ,5,1,ES,E,NSE
20413,IOLCP,IOL Chem And Pharma,EQ,5,1,ES,E,NSE
236,ASIANPAINT,Asian Paints,EQ,5,1,ES,E,NSE
916,EIDPARRY,EID Parry,EQ,5,1,ES,E,NSE
11817,MANGALAM,MANGALAM DRUG & CHEM LTD,EQ,5,1,ES,E,NSE
2859,RAYMOND,Raymond,EQ,5,1,ES,E,NSE
19731,GPPL,Gujarat Pipavav Port,EQ,5,1,ES,E,NSE
14346,ORIENTALTL,Oriental Trimex,EQ,5,1,ES,E,NSE
2866,RCF,Rashtriya Chemicals & Fer,EQ,5,1,ES,E,NSE
11581,GULFPETRO,Gp Petroleums,EQ,5,1,ES,E,NSE
11549,TEXINFRA,Texmaco Infra & Holdg,EQ,5,1,ES,E,NSE
11325,MUKANDLTD,Mukand,EQ,5,1,ES,E,NSE
13880,BANCOINDIA,Banco Products,EQ,5,1,ES,E,NSE
1053,UFLEX,Uflex,EQ,5,1,ES,E,NSE
13352,MALUPAPER,Malu Paper Mills,EQ,5,1,ES,E,NSE
15337,RAIN,Rain Industries,EQ,5,1,ES,E,NSE
13251,SAKUMA,Sakuma Exports,EQ,5,1,ES,E,NSE
11377,MAHABANK,Bank Of Maharashtra,EQ,5,1,ES,E,NSE
17999,UNITEDTEA,United Nilgiri Tea,EQ,5,1,ES,E,NSE
1185,AMBER,Amber Enterprises,EQ,5,1,ES,E,NSE
13517,EMAMILTD,Emami,EQ,5,1,ES,E,NSE
18220,KECL,Kirloskar Electric Co,EQ,5,1,ES,E,NSE
14712,HGS,Hinduja Global Sols.,EQ,5,1,ES,E,NSE
4421,CREDITACC,Creditaccess Grameen,EQ,5,1,ES,E,NSE
1372,HINDCOMPOS,Hindustan Composites,EQ,5,1,ES,E,NSE
2514,OSWALAGRO,Oswal Agro Mills,EQ,5,1,ES,E,NSE
4172,TCNSBRANDS,Tcns Clothing Co.,EQ,5,1,ES,E,NSE
13072,IIFLSEC,IIFL Securities,EQ,5,1,ES,E,NSE
3384,SWARAJENG,Swaraj Engines,EQ,5,1,ES,E,NSE
438,BHEL,BHEL,EQ,5,1,ES,E,NSE
13656,ALICON,Alicon Castalloy,EQ,5,1,ES,E,NSE
8771,MEP,Mep Infra. Developers,EQ,5,1,ES,E,NSE
4963,ICICIBANK,ICICI Bank,EQ,5,1,ES,E,NSE
18110,VASCONEQ,Vascon Engineers,EQ,5,1,ES,E,NSE
10453,SATIN,Satin Creditcare Network,EQ,5,1,ES,E,NSE
19265,BLISSGVS,Bliss Gvs Pharma,EQ,5,1,ES,E,NSE
14557,AROGRANITE,Aro Granite Industries,EQ,5,1,ES,E,NSE
757,CRISIL,CRISIL,EQ,5,1,ES,E,NSE
7851,RAMCOSYS,Ramco Systems,EQ,5,1,ES,E,NSE
13305,CENTURYPLY,Century Plyboards,EQ,5,1,ES,E,NSE
10738,OFSS,Oracle Financial Services,EQ,5,1,ES,E,NSE
9309,STLTECH,Sterlite Technologies,EQ,5,1,ES,E,NSE
1153,GLAXO,GlaxoSmithKline Pharma,EQ,5,1,ES,E,NSE
1570,GMMPFAUDLR,Gmm Pfaudler,EQ,5,1,ES,E,NSE
2711,PRECOT,Precot Meridian,EQ,5,1,ES,E,NSE
1708,JAYBARMARU,Jay Bharat Maruti,EQ,5,1,ES,E,NSE
2716,BUTTERFLY,Butterfly Gandhimathi App,EQ,5,1,ES,E,NSE
4299,STERTOOLS,Sterling Tools,EQ,5,1,ES,E,NSE
9111,ARVINDFASN,Arvind Fashions,EQ,5,1,ES,E,NSE
13966,HBLPOWER,Hbl Power Systems,EQ,5,1,ES,E,NSE
14761,NELCAST,Nelcast,EQ,5,1,ES,E,NSE
11743,JINDALPHOT,Jindal Photo,EQ,5,1,ES,E,NSE
5938,MONTECARLO,Monte Carlo Fashions,EQ,5,1,ES,E,NSE
2844,RANEHOLDIN,Rane Holdings,EQ,5,1,ES,E,NSE
21840,DIAMONDYD,Prataap Snacks,EQ,5,1,ES,E,NSE
13637,JMFINANCIL,JM Financial,EQ,5,1,ES,E,NSE
2303,HAL,Hindustan Aeronautics,EQ,5,1,ES,E,NSE
8311,BLUESTARCO,Blue Star,EQ,5,1,ES,E,NSE
2969,SAKHTISUG,SAKTHI SUGARS LTD,EQ,5,1,ES,E,NSE
15034,BAJAJELEC,Bajaj Electricals,EQ,5,1,ES,E,NSE
1394,HINDUNILVR,Hindustan Unilever,EQ,5,1,ES,E,NSE
383,BEL,Bharat Electronics,EQ,5,1,ES,E,NSE
10397,JISLJALEQS,Jain Irrigation Systems,EQ,5,1,ES,E,NSE
1720,JAYSREETEA,JAYSHREE TEA & INDUSTRIES,EQ,5,1,ES,E,NSE
11351,PETRONET,Petronet LNG,EQ,5,1,ES,E,NSE
3493,TINPLATE,Tata Tinplate,EQ,5,1,ES,E,NSE
17839,GILLANDERS,Gillanders Arbuthnot,EQ,5,1,ES,E,NSE
11460,JPASSOCIAT,Jaiprakash Associates,EQ,5,1,ES,E,NSE
11821,WELCORP,Welspun Coporation,EQ,5,1,ES,E,NSE
21508,COCHINSHIP,Cochin Shipyard,EQ,5,1,ES,E,NSE
8696,VRLLOG,VRL Logistics,EQ,5,1,ES,E,NSE
4809,KCPSUGIND,Kcp Sugar & Industries Co,EQ,5,1,ES,E,NSE
2316,HEIDELBERG,Heidelberg Cement,EQ,5,1,ES,E,NSE
1512,INDHOTEL,The Indian Hotels Co.,EQ,5,1,ES,E,NSE
2385,NAVNETEDUL,Navneet Education,EQ,5,1,ES,E,NSE
715,HEUBACHIND,Clariant Chemicals,EQ,5,1,ES,E,NSE
1289,GFLLIMITED,GFL,EQ,5,1,ES,E,NSE
2043,RAMCOCEM,The Ramco Cements,EQ,5,1,ES,E,NSE
12009,IMPAL,India Motor Parts & Acces,EQ,5,1,ES,E,NSE
11630,NTPC,NTPC,EQ,5,1,ES,E,NSE
10579,MARKSANS,Marksans Pharma,EQ,5,1,ES,E,NSE
13750,FLUOROCHEM,Gujarat Fluorochemicals,EQ,5,1,ES,E,NSE
811,DCMSHRIRAM,DCM Shriram,EQ,5,1,ES,E,NSE
13197,GSPL,Gujarat State Petronet Ltd,EQ,5,1,ES,E,NSE
16845,LGBFORGE,Lgb Forge,EQ,5,1,ES,E,NSE
13536,VIDHIING,Vidhi Spclty F Ingrdnts L,EQ,5,1,ES,E,NSE
2406,NEULANDLAB,Neuland Laboratories,EQ,5,1,ES,E,NSE
9581,METROPOLIS,Metropolis Healthcare,EQ,5,1,ES,E,NSE
16915,ZFCVINDIA,Wabco India,EQ,5,1,ES,E,NSE
9552,RVNL,Rail Vikas Nigam,EQ,5,1,ES,E,NSE
5633,J&KBANK,J & K Bank,EQ,5,1,ES,E,NSE
10634,ASAL,Automotive Stampings & As,EQ,5,1,ES,E,NSE
2259,MOREPENLAB,Morepen Lab.,EQ,5,1,ES,E,NSE
10661,PONNIERODE,Ponnie Sugars (Erode),EQ,5,1,ES,E,NSE
7936,AVANTIFEED,Avanti Feeds,EQ,5,1,ES,E,NSE
1333,HDFCBANK,HDFC Bank,EQ,5,1,ES,E,NSE
15266,JKIL,J.Kumar Infraprojects,EQ,5,1,ES,E,NSE
15409,NESCO,NESCO,EQ,5,1,ES,E,NSE
11045,SATIA,Satia Industries,EQ,5,1,ES,E,NSE
18967,KAPSTON,KAPSTON SERVICES LIMITED,EQ,5,1,ES,E,NSE
18977,UNIVASTU,UNIVASTU INDIA LIMITED,EQ,5,1,ES,E,NSE
19073,AARVI,AARVI ENCON LIMITED,EQ,5,1,ES,E,NSE
19097,SILLYMONKS,SILLY MONKS ENTERTAIN LTD,EQ,5,1,ES,E,NSE
19233,AARTISURF,AARTI SURFACTANTS LIMITED,EQ,5,1,ES,E,NSE
13870,KUANTUM,Kuantum Papers,EQ,5,1,ES,E,NSE
19401,BOROLTD,BOROSIL LIMITED,EQ,5,1,ES,E,NSE
19410,ROSSARI,Rossari Biotech,EQ,5,1,ES,E,NSE
22277,WORTH,WORTH PERIPHERALS LIMITED,EQ,5,1,ES,E,NSE
22347,MACPOWER,MACPOWER CNC MACHINES LTD,EQ,5,1,ES,E,NSE
22377,MAXHEALTH,MAX HEALTHCARE INS LTD,EQ,5,1,ES,E,NSE
22428,MAXIND,MAX INDIA LIMITED,EQ,5,1,ES,E,NSE
8657,DIL,DEBOCK INDUSTRIES LIMITED,EQ,5,1,ES,E,NSE
15589,AVG,AVG LOGISTICS LIMITED,EQ,5,1,ES,E,NSE
6040,EIFFL,Euro Fresh Foods,EQ,5,1,ES,E,NSE
6568,LAXMICOT,LAXMI COTSPIN LIMITED,EQ,5,1,ES,E,NSE
11060,KSOLVES,KSOLVES INDIA LIMITED,EQ,5,1,ES,E,NSE
11520,SECURCRED,SECUR CREDENTIALS LIMITED,EQ,5,1,ES,E,NSE
12153,BBTCL,B&B TRIPLEWALL CONT LTD,EQ,5,1,ES,E,NSE
822,BANKA,BANKA BIOLOO LIMITED,EQ,5,1,ES,E,NSE
8827,AVROIND,AVRO INDIA LIMITED,EQ,5,1,ES,E,NSE
7791,UNIINFO,UNIINFO TELECOM SERVI LTD,EQ,5,1,ES,E,NSE
936,DPABHUSHAN,D. P. ABHUSHAN LIMITED,EQ,5,1,ES,E,NSE
2004,AHLADA,AHLADA ENGINEERS LIMITED,EQ,5,1,ES,E,NSE
3586,MOKSH,MOKSH ORNAMENTS LIMITED,EQ,5,1,ES,E,NSE
1923,WEALTH,WEALTH FRST PORT. MG. LTD,EQ,5,1,ES,E,NSE
1480,REPL,RUDRABHISHEK ENTERP LTD,EQ,5,1,ES,E,NSE
381,SINTERCOM,SINTERCOM INDIA LIMITED,EQ,5,1,ES,E,NSE
16736,MKPL,M K PROTEINS LIMITED,EQ,5,1,ES,E,NSE
8469,MITCON,MITCON CON & ENG SER LTD,EQ,5,1,ES,E,NSE
8304,PRITI,PRITI INTERNATIONAL LTD,EQ,5,1,ES,E,NSE
1547,RKEC,RKEC PROJECTS LIMITED,EQ,5,1,ES,E,NSE
6913,RPPL,RAJSHREE POLYPACK LTD,EQ,5,1,ES,E,NSE
17071,URAVI,URAVI T AND WEDG LAMP LTD,EQ,5,1,ES,E,NSE
11627,NARMADA,NARMADA AGROBASE LIMITED,EQ,5,1,ES,E,NSE
7835,WEL,WONDER ELECTRICALS LTD,EQ,5,1,ES,E,NSE
9422,SILVERTUC,SILVER TOUCH TECHNO LTD,EQ,5,1,ES,E,NSE
5516,JAIPURKURT,NANDANI CREATION LIMITED,EQ,5,1,ES,E,NSE
489,ICEMAKE,ICE MAKE REFRIGERAT LTD,EQ,5,1,ES,E,NSE
6836,FOCUS,FOCUS LIGHTG & FIXTRS LTD,EQ,5,1,ES,E,NSE
8806,SONAMCLOCK,SONAM CLOCK LIMITED,EQ,5,1,ES,E,NSE
5650,SHANTI,SHANTI OVERSEAS INDIA LTD,EQ,5,1,ES,E,NSE
7425,HECPROJECT,HEC INFRA PROJECTS LTD,EQ,5,1,ES,E,NSE
8266,SOFTTECH,SOFTTECH ENGINEERS LTD,EQ,5,1,ES,E,NSE
11796,HPIL,HINDPRAKASH INDUSTRY LTD,EQ,5,1,ES,E,NSE
48,HAPPSTMNDS,Happiest Minds Technologies,EQ,5,1,ES,E,NSE
104,SHAREINDIA,SHARE IND. SECURITIES LTD,EQ,5,1,ES,E,NSE
128,ROUTE,Route Mobile,EQ,5,1,ES,E,NSE
201,UNIDT,UNITED DRILLING TOOLS LTD,EQ,5,1,ES,E,NSE
270,CHEMCON,Chemcon Speciality Chemicals,EQ,5,1,ES,E,NSE
324,ANGELONE,Angel One Limited,EQ,5,1,ES,E,NSE
330,VALIANTORG,VALIANT ORGANICS LIMITED,EQ,5,1,ES,E,NSE
342,CAMS,COMPUTER AGE MNGT SER LTD,EQ,5,1,ES,E,NSE
359,ROML,RAJ OIL MILLS LIMITED,EQ,5,1,ES,E,NSE
11149,SHRENIK,Shrenik,EQ,5,1,ES,E,NSE
527,UTIAMC,UTI Asset Management,EQ,5,1,ES,E,NSE
509,MAZDOCK,Mazagon Dock Shipbuilders,EQ,5,1,ES,E,NSE
12533,AAATECH,AAA TECHNOLOGIES LIMITED,EQ,5,1,ES,E,NSE
15649,ATALREAL,ATAL REALTECH LIMITED,EQ,5,1,ES,E,NSE
701,HEMIPROP,HEMISPHERE PROP IND LTD,EQ,5,1,ES,E,NSE
896,KHAICHEM,KHAITAN CHEM & FERT LTD,EQ,5,1,ES,E,NSE
913,EQUITASBNK,Equitas Small Finance Bank,EQ,5,1,ES,E,NSE
967,SUBEXLTD,SUBEX LTD,EQ,5,1,ES,E,NSE
1186,GLAND,Gland Pharma,EQ,5,1,ES,E,NSE
1494,RBA,Restaurant Brands Asia,EQ,5,1,ES,E,NSE
1581,TARC,TARC LIMITED,EQ,5,1,ES,E,NSE
1565,RVHL,RAVINDER HEIGHTS LIMITED,EQ,5,1,ES,E,NSE
1614,FAIRCHEMOR,FAIRCHEM ORGANICS LIMITED,EQ,5,1,ES,E,NSE
1628,BECTORFOOD,Mrs Bectors Food Ltd,EQ,5,1,ES,E,NSE
1797,AWHCL,ANTONY WASTE HDG CELL LTD,EQ,5,1,ES,E,NSE
1782,KANPRPLA,KANPUR PLASTIPACK LIMITED,EQ,5,1,ES,E,NSE
1879,CARYSIL,Carysil Limited,EQ,5,1,ES,E,NSE
2029,IRFC,IRFC,EQ,5,1,ES,E,NSE
2048,INDIGOPNTS,Indigo Paints,EQ,5,1,ES,E,NSE
2056,HOMEFIRST,Home First Finance,EQ,5,1,ES,E,NSE
2107,STOVEKRAFT,Stove Kraft,EQ,5,1,ES,E,NSE
2320,SMCGLOBAL,SMC GLOBAL SECURITIES LTD,EQ,5,1,ES,E,NSE
2431,RAILTEL,RailTel Corporation,EQ,5,1,ES,E,NSE
2513,BCLIND,BCL INDUSTRIES LIMITED,EQ,5,1,ES,E,NSE
2614,HERANBA,Heranba Industries,EQ,5,1,ES,E,NSE
16192,PAVNAIND,PAVNA INDUSTRIES LIMITED,EQ,5,1,ES,E,NSE
2709,MTARTECH,MTAR Technologies,EQ,5,1,ES,E,NSE
2783,JUBLINGREA,JUBILANT INGREVIA LIMITED,EQ,5,1,ES,E,NSE
2829,ANURAS,Anupam Rasayan,EQ,5,1,ES,E,NSE
2841,LXCHEM,Laxmi Organic Industries,EQ,5,1,ES,E,NSE
2854,CRAFTSMAN,Craftsman Automation,EQ,5,1,ES,E,NSE
2970,SURYODAY,Suryoday Small Fin Bank,EQ,5,1,ES,E,NSE
2955,KALYANKJIL,Kalyan Jewellers,EQ,5,1,ES,E,NSE
2987,NAZARA,Nazara Technologies,EQ,5,1,ES,E,NSE
3127,BARBEQUE,Barbeque Nation,EQ,5,1,ES,E,NSE
3220,LODHA,Macrotech Developers,EQ,5,1,ES,E,NSE
3329,ISGEC,ISGEC HEAVY ENG LTD,EQ,5,1,ES,E,NSE
3482,CLSEL,CHAMAN LAL SETIA EXP LTD,EQ,5,1,ES,E,NSE
3776,IWEL,INOX WIND ENERGY LIMITED,EQ,5,1,ES,E,NSE
3807,VINEETLAB,VINEET LABORATORIES LTD,EQ,5,1,ES,E,NSE
4693,SHYAMMETL,Shyam Metalics and Energy,EQ,5,1,ES,E,NSE
4684,SONACOMS,Sona BLW Precision,EQ,5,1,ES,E,NSE
4656,SBCL,SHIVALIK BIMETAL CON. LTD,EQ,5,1,ES,E,NSE
4847,KIMS,KIMS,EQ,5,1,ES,E,NSE
4822,DODLA,Dodla Dairy,EQ,5,1,ES,E,NSE
4934,IPL,India Pesticides,EQ,5,1,ES,E,NSE
5054,GRINFRA,G R Infraprojects,EQ,5,1,ES,E,NSE
5049,CLEAN,Clean Science & Tech,EQ,5,1,ES,E,NSE
5097,ZOMATO,Zomato,EQ,5,1,ES,E,NSE
5108,KPIGREEN,KPI GREEN ENERGY LIMITED,EQ,5,1,ES,E,NSE
5162,TATVA,Tatva Chintan Pharma,EQ,5,1,ES,E,NSE
5186,STYLAMIND,Stylam Industries,EQ,5,1,ES,E,NSE
5200,GRAUWEIL,Grauer & Weil India,EQ,5,1,ES,E,NSE
5192,KOVAI,KOVAI MEDICAL CENTER & HO,EQ,5,1,ES,E,NSE
5206,ANDREWYU,ANDREW YULE & CO LTD,EQ,5,1,ES,E,NSE
5265,GLS,Glenmark Life Science,EQ,5,1,ES,E,NSE
5279,ROLEXRINGS,Rolex Rings,EQ,5,1,ES,E,NSE
5313,UGROCAP,UGRO CAPITAL LIMITED,EQ,5,1,ES,E,NSE
5366,WINDLAS,Windlas Biotech,EQ,5,1,ES,E,NSE
5359,KRSNAA,Krsnaa Diagnostics,EQ,5,1,ES,E,NSE
5352,EXXARO,Exxaro Tiles Limited,EQ,5,1,ES,E,NSE
5373,DEVYANI,Devyani International,EQ,5,1,ES,E,NSE
5382,MFL,MEGHMANI FINECHEM LIMITED,EQ,5,1,ES,E,NSE
5394,MOL,MEGHMANI ORGANICS LIMITED,EQ,5,1,ES,E,NSE
5407,CARTRADE,Cartrade Tech,EQ,5,1,ES,E,NSE
5426,NUVOCO,Nuvoco Vistas Corp,EQ,5,1,ES,E,NSE
5435,APTUS,Aptus Value Housing,EQ,5,1,ES,E,NSE
5449,CHEMPLASTS,Chemplast Sanmar,EQ,5,1,ES,E,NSE
5501,YUKEN,YUKEN INDIA LIMITED,EQ,5,1,ES,E,NSE
5578,AMIORG,AMI ORGANICS LIMITED,EQ,5,1,ES,E,NSE
5585,VIJAYA,Vijaya Diagnostic,EQ,5,1,ES,E,NSE
5614,GANESHBE,GANESH BENZOPLAST LIMITED,EQ,5,1,ES,E,NSE
5606,INTLCONV,INTL CONVEYORS LIMITED,EQ,5,1,ES,E,NSE
5751,SANSERA,Sansera Engineering,EQ,5,1,ES,E,NSE
16913,ARTEMISMED,Artemis Medicare Services,EQ,5,1,ES,E,NSE
14912,KPRMILL,Kpr Mill,EQ,5,1,ES,E,NSE
5911,PARAS,Paras Defence & Space Tech,EQ,5,1,ES,E,NSE
20223,CLEDUCATE,Cl Educate,EQ,5,1,ES,E,NSE
6006,COASTCORP,COASTAL CORPORATION LTD,EQ,5,1,ES,E,NSE
11343,AFFLE,AFFLE (INDIA) LIMITED,EQ,5,1,ES,E,NSE
6018,ABSLAMC,Aditya Birla Sun Life AMC,EQ,5,1,ES,E,NSE
6045,PASUPTAC,PASUPATI ACRYLON LIMITED,EQ,5,1,ES,E,NSE
6164,BHAGCHEM,BHAGIRADHA CHEM & INDS L,EQ,5,1,ES,E,NSE
13702,VISHWARAJ,Vishwaraj Sugar Industries,EQ,5,1,ES,E,NSE
6232,3IINFOLTD,3I INFOTECH LIMITED,EQ,5,1,ES,E,NSE
6278,MEDICAMEQ,MEDICAMEN BIOTECH LIMITED,EQ,5,1,ES,E,NSE
13409,GPIL,Godawari Pow & Isp,EQ,5,1,ES,E,NSE
13611,IRCTC,IRCTC,EQ,5,1,ES,E,NSE
6417,KRITI,KRITI INDUSTRIES IND LTD,EQ,5,1,ES,E,NSE
6422,MANORG,MANGALAM ORGANICS LIMITED,EQ,5,1,ES,E,NSE
6545,NYKAA,Nykaa,EQ,5,1,ES,E,NSE
6579,FINOPB,Fino Payments Bank Limited,EQ,5,1,ES,E,NSE
6663,SIGACHI,SIGACHI INDUSTRIES LTD,EQ,5,1,ES,E,NSE
6656,POLICYBZR,Policy Bazaar,EQ,5,1,ES,E,NSE
6643,SJS,SJS Enterprises Limited,EQ,5,1,ES,E,NSE
6673,FOODSIN,FOODS & INNS LIMITED,EQ,5,1,ES,E,NSE
18431,BIGBLOC,Bigbloc Construction,EQ,5,1,ES,E,NSE
6718,SAPPHIRE,Sapphire Foods India,EQ,5,1,ES,E,NSE
6705,PAYTM,Paytm,EQ,5,1,ES,E,NSE
6818,LATENTVIEW,Latent View Analytics,EQ,5,1,ES,E,NSE
6803,STEELCAS,STEELCAST LIMITED,EQ,5,1,ES,E,NSE
6858,DHRUV,DHRUV CONSULTANCY SER LTD,EQ,5,1,ES,E,NSE
6863,BAJAJHCARE,BAJAJ HEALTHCARE LIMITED,EQ,5,1,ES,E,NSE
6943,TARSONS,Tarsons Products,EQ,5,1,ES,E,NSE
6964,GOCOLORS,Go Fashion,EQ,5,1,ES,E,NSE
7016,SHIVALIK,SHIVALIK RASAYAN LIMITED,EQ,5,1,ES,E,NSE
7083,STARHEALTH,Star health,EQ,5,1,ES,E,NSE
7105,TEGA,Tega Industries ,EQ,5,1,ES,E,NSE
7145,ANANDRATHI,Anandrathi,EQ,5,1,ES,E,NSE
3546,TTKPRESTIG,TTK Prestige,EQ,5,1,ES,E,NSE
7177,RATEGAIN,RateGain Travel Technologies,EQ,5,1,ES,E,NSE
7200,SHRIRAMPPS,Shriram Properties Limited,EQ,5,1,ES,E,NSE
7227,MAPMYINDIA,MapmyIndia,EQ,5,1,ES,E,NSE
7242,METROBRAND,Metro Brands,EQ,5,1,ES,E,NSE
7276,UDAICEMENT,UDAIPUR CEMENT WORKS LTD,EQ,5,1,ES,E,NSE
7287,JTLIND,JTL Industries,EQ,5,1,ES,E,NSE
13675,NRL,NUPUR RECYCLERS LIMITED,EQ,5,1,ES,E,NSE
7254,MEDPLUS,Medplus Health,EQ,5,1,ES,E,NSE
14101,PTL,PTL Enterprises,EQ,5,1,ES,E,NSE
7358,DATAPATTNS,Data Patterns,EQ,5,1,ES,E,NSE
7325,DCMSRIND,DCM SHRIRAM IND LTD,EQ,5,1,ES,E,NSE
7376,HPAL,HP Adhesives,EQ,5,1,ES,E,NSE
7390,SUPRIYA,Supriya Lifescience,EQ,5,1,ES,E,NSE
7603,CMSINFO,CMS Info Systems,EQ,5,1,ES,E,NSE
7679,MONARCH,MONARCH NETWORTH CAP LTD,EQ,5,1,ES,E,NSE
1633,IPCALAB,IPCA Laboratories,EQ,5,1,ES,E,NSE
2717,PRECWIRE,Precision Wires India,EQ,5,1,ES,E,NSE
7927,AGSTRA,AGS Transact Technologies,EQ,5,1,ES,E,NSE
136,ANDHRSUGAR,Andhra Sugars,EQ,5,1,ES,E,NSE
7965,MALLCOM,MALLCOM (INDIA) LIMITED,EQ,5,1,ES,E,NSE
8110,AWL,Adani Wilmar Limited,EQ,5,1,ES,E,NSE
1011,SCHAEFFLER,Schaeffler India,EQ,5,1,ES,E,NSE
6848,GREENLAM,Greenlam Industries,EQ,5,1,ES,E,NSE
8167,MANYAVAR,Manyavar,EQ,5,1,ES,E,NSE
8159,FIBERWEB,FIBERWEB INDIA LIMITED,EQ,5,1,ES,E,NSE
11655,JBMA,JBM Auto,EQ,5,1,ES,E,NSE
11411,RKFORGE,Ramkrishna Forgings,EQ,5,1,ES,E,NSE
18962,RAJRATAN,RAJRATAN GLOBAL WIRE LTD,EQ,5,1,ES,E,NSE
2645,DRCSYSTEMS,DRC SYSTEMS INDIA LIMITED,EQ,5,1,ES,E,NSE
8510,GATEWAY,GATEWAY DISTRIPARKS LTD,EQ,5,1,ES,E,NSE
8529,GMRP&UI,GMR POW AND URBAN INFRA L,EQ,5,1,ES,E,NSE
2073,VTL,Vardhman Textiles,EQ,5,1,ES,E,NSE
8596,MSUMI,Motherson Sumi Wiring,EQ,5,1,ES,E,NSE
11971,GOLDIAM,Goldiam International,EQ,5,1,ES,E,NSE
8727,SHAILY,SHAILY ENG PLASTICS LTD,EQ,5,1,ES,E,NSE
8797,OBCL,ORISSA BENGAL CARRIER LTD,EQ,5,1,ES,E,NSE
8866,CHOICEIN,CHOICE INTERNATIONAL LTD,EQ,5,1,ES,E,NSE
8890,VERANDA,Veranda Learning Solutions ,EQ,5,1,ES,E,NSE
2649,PCBL,Philips Carbon Black,EQ,5,1,ES,E,NSE
8953,ELDEHSG,ELDECO HSG & IND LTD.,EQ,5,1,ES,E,NSE
3813,ARIHANTCAP,ARIHANT CAPITAL MKTS LTD,EQ,5,1,ES,E,NSE
8968,HARIOMPIPE,Hariom Pipe Industries,EQ,5,1,ES,E,NSE
18096,JUBLFOOD,Jubilant Foodworks,EQ,5,1,ES,E,NSE
9049,ROTO,ROTO PUMPS LIMITED,EQ,5,1,ES,E,NSE
4892,SAREGAMA,Saregama India,EQ,5,1,ES,E,NSE
9087,PIXTRANS,PIX TRANSMISSIONS LIMITED,EQ,5,1,ES,E,NSE
9116,INDOAMIN,INDO AMINES LIMITED,EQ,5,1,ES,E,NSE
9362,CAMPUS,Campus Activewear,EQ,5,1,ES,E,NSE
9378,TRU,TruCap Finance Limited,EQ,5,1,ES,E,NSE
9408,RAINBOW,Rainbow Children's Med,EQ,5,1,ES,E,NSE
9480,LICI,LIC,EQ,5,1,ES,E,NSE
3435,BBOX,Black Box Limited,EQ,5,1,ES,E,NSE
9553,PRUDENT,Prudent Corporate Advisory,EQ,5,1,ES,E,NSE
9592,VENUSPIPES,Venus Pipes & Tubes Limited,EQ,5,1,ES,E,NSE
9599,DELHIVERY,Delhivery Limited,EQ,5,1,ES,E,NSE
9652,RELCHEMQ,RELIANCE CHEMOTEX IND LTD,EQ,5,1,ES,E,NSE
9741,PARADEEP,Paradeep Phosphates,EQ,5,1,ES,E,NSE
9750,ETHOSLTD,Ethos,EQ,5,1,ES,E,NSE
9756,EMUDHRA,eMudhra Limited,EQ,5,1,ES,E,NSE
9810,AETHER,Aether Industries,EQ,5,1,ES,E,NSE
9879,CHEVIOT,CHEVIOT COMPANY LIMITED,EQ,5,1,ES,E,NSE
21362,SALASAR,Salasar Techno Engg.,EQ,5,1,ES,E,NSE
10227,MANORAMA,MANORAMA INDUSTRIES LTD,EQ,5,1,ES,E,NSE
25468,PAISALO,Paisalo Digital,EQ,5,1,ES,E,NSE
10277,NGLFINE,NGL FINE CHEM LIMITED,EQ,5,1,ES,E,NSE
21339,STEELXIND,Steel Exchange India,EQ,5,1,ES,E,NSE
15129,RGL,Renaissance Global,EQ,5,1,ES,E,NSE
10350,CSLFINANCE,CSL FINANCE LIMITED,EQ,5,1,ES,E,NSE
12173,HNDFDS,Hindustan Foods,EQ,5,1,ES,E,NSE
3499,TATASTEEL,Tata Steel,EQ,5,1,ES,E,NSE
10485,RAMRAT,RAM RATNA WIRES LIMITED,EQ,5,1,ES,E,NSE
10568,RAMAPHO,RAMA PHOSPHATES LIMITED,EQ,5,1,ES,E,NSE
10590,LOYALTEX,LOYAL TEXTILE MILLS LTD,EQ,5,1,ES,E,NSE
10733,SPORTKING,SPORTKING INDIA LIMITED,EQ,5,1,ES,E,NSE
10300,RAMASTEEL,Rama Steel Tubes,EQ,5,1,ES,E,NSE
10793,SYRMA,Syrma SGS Technology Limited,EQ,5,1,ES,E,NSE
5264,PDSL,Pds Multinational Fashion,EQ,5,1,ES,E,NSE
3021,SOTL,Savita Oil Technologies,EQ,5,1,ES,E,NSE
10859,DREAMFOLKS,Dreamfolks Services Limited,EQ,5,1,ES,E,NSE
1110,DANGEE,DANGEE DUMS LIMITED,EQ,5,1,ES,E,NSE
10871,GRMOVER,GRM OVERSEAS LIMITED,EQ,5,1,ES,E,NSE
10893,DBOL,DHAMPUR BIO ORGANICS LTD,EQ,5,1,ES,E,NSE
14511,BANSWRAS,Banswara Syntex,EQ,5,1,ES,E,NSE
16675,BAJAJFINSV,Bajaj Finserv,EQ,5,1,ES,E,NSE
10945,TMB,Tamilnad Mercantile Bank,EQ,5,1,ES,E,NSE
11794,SAKSOFT,Saksoft,EQ,5,1,ES,E,NSE
11162,HARSHA,Harsha Engineers International,EQ,5,1,ES,E,NSE
11530,EMIL,Electronics Mart India Limited,EQ,5,1,ES,E,NSE
2289,HLEGLAS,HLE GLASCOAT LIMITED,EQ,5,1,ES,E,NSE
11571,PPLPHARMA,PIRAMAL PHARMA LIMITED,EQ,5,1,ES,E,NSE
11582,TRACXN,Tracxn Technologies Limited,EQ,5,1,ES,E,NSE
25178,TDPOWERSYS,T D Power Systems,EQ,5,1,ES,E,NSE
11804,SUKHJITS,SUKHJIT STARCH & CHEM LTD,EQ,5,1,ES,E,NSE
11829,SSWL,Steel Strips Wheels,EQ,5,1,ES,E,NSE
11895,DCXINDIA,DCX Systems Limited,EQ,5,1,ES,E,NSE
11932,FUSION,Fusion Micro Finance Limited,EQ,5,1,ES,E,NSE
11956,MEDANTA,Global Health Limited,EQ,5,1,ES,E,NSE
11966,BIKAJI,Bikaji Foods International,EQ,5,1,ES,E,NSE
11992,SYNCOMF,SYNCOM FORMU (I) LTD,EQ,5,1,ES,E,NSE
12000,FAZE3Q,FAZE THREE LIMITED,EQ,5,1,ES,E,NSE
12024,ACI,Archean Chemical Industries,EQ,5,1,ES,E,NSE
12032,FIVESTAR,Five Star Business Finance ,EQ,5,1,ES,E,NSE
12015,SATINDLTD,SAT INDUSTRIES LIMITED,EQ,5,1,ES,E,NSE
2792,EASEMYTRIP,Easy Trip Planners,EQ,5,1,ES,E,NSE
12092,KAYNES,Kaynes Technology India Ltd,EQ,5,1,ES,E,NSE
12188,INOXGREEN,Inox Green Energy,EQ,5,1,ES,E,NSE
12219,RUSTOMJEE,KEYSTONE REALTORS LIMITED,EQ,5,1,ES,E,NSE
12384,ZIMLAB,ZIM LABORATORIES LIMITED,EQ,5,1,ES,E,NSE
578,LIKHITHA,LIKHITHA INFRASTRUC LTD,EQ,5,1,ES,E,NSE
12749,DJML,DJ MEDIAPRINT & LOG LTD,EQ,5,1,ES,E,NSE
13001,DHARMAJ,Dharmaj Crop Guard,EQ,5,1,ES,E,NSE
13057,UNIPARTS,Uniparts India Limited,EQ,5,1,ES,E,NSE
13218,SULA,Sula Vineyards Limited,EQ,5,1,ES,E,NSE
13288,AHL,ABANS HOLDINGS LIMITED,EQ,5,1,ES,E,NSE
13276,LANDMARK,LANDMARK CARS LIMITED,EQ,5,1,ES,E,NSE
24532,FILATEX,Filatex India,EQ,5,1,ES,E,NSE
13359,KFINTECH,KFin Technologies Limited,EQ,5,1,ES,E,NSE
13423,ELIN,Elin Electronics Limited,EQ,5,1,ES,E,NSE
13580,RADIANTCMS,Radiant Cash Management,EQ,5,1,ES,E,NSE
9617,SPLPETRO,SUPREME PETROCHEM LIMITED,EQ,5,1,ES,E,NSE
13689,SAH,SAH POLYMERS LIMITED,EQ,5,1,ES,E,NSE
6908,VISHNU,Vishnu Chemicals,EQ,5,1,ES,E,NSE
13753,MANOMAY,MANOMAY TEX INDIA LTD,EQ,5,1,ES,E,NSE
13794,BAIDFIN,BAID FINSERV LIMITED,EQ,5,1,ES,E,NSE
13868,AARTIPHARM,AARTI PHARMALABS LIMITED,EQ,5,1,ES,E,NSE
14139,SBGLP,SURATWWALA BUS GROUP LTD,EQ,5,1,ES,E,NSE
14180,NSLNISP,NMDC STEEL LIMITED,EQ,5,1,ES,E,NSE
15313,IRB,IRB Infra,EQ,5,1,ES,E,NSE
13061,360ONE,IIFL Wealth Mgmt,EQ,5,1,ES,E,NSE
14385,POCL,PONDY OXIDES & CHEM LTD,EQ,5,1,ES,E,NSE
14479,DIVGIITTS,Divgi torqtransfer systems,EQ,5,1,ES,E,NSE
9667,MEDICO,MEDICO REMEDIES LIMITED,EQ,5,1,ES,E,NSE
2868,HITECH,Hi-Tech Pipes,EQ,5,1,ES,E,NSE
14599,GSLSU,GLOBAL SURFACES LIMITED,EQ,5,1,ES,E,NSE
14871,USK,Udayshivakumar infra limited,EQ,5,1,ES,E,NSE
14900,SAHYADRI,SAHYADRI INDUSTRIES LTD,EQ,5,1,ES,E,NSE
3292,DEEPINDS,DEEP INDUSTRIES LIMITED,EQ,5,1,ES,E,NSE
15058,AVALON,AVALON TECHNOLOGIES LTD,EQ,5,1,ES,E,NSE
15067,BLAL,BEML LAND ASSETS LIMITED,EQ,5,1,ES,E,NSE
9117,TIPSINDLTD,Tips Industries,EQ,5,1,ES,E,NSE
15157,RHL,ROBUST HOTELS LIMITED,EQ,5,1,ES,E,NSE
15180,KIRLPNU,KIRLOSKAR PNEUMATIC COM L,EQ,5,1,ES,E,NSE
1134,APOLLO,Apollo Micro Systems,EQ,5,1,ES,E,NSE
15343,SADHNANIQ,SADHANA NITROCHEM LIMITED,EQ,5,1,ES,E,NSE
15391,RACE,RACE ECO CHAIN LIMITED,EQ,5,1,ES,E,NSE
15380,MANKIND,Mankind Pharma Limited,EQ,5,1,ES,E,NSE
15404,ATAM,ATAM VALVES LIMITED,EQ,5,1,ES,E,NSE
4221,VISAKAIND,Visaka Industries,EQ,5,1,ES,E,NSE
10343,RADHIKAJWE,RADHIKA JEWELTECH LIMITED,EQ,5,1,ES,E,NSE
8962,HARDWYN,HARDWYN INDIA LIMITED,EQ,5,1,ES,E,NSE
16682,PTCIL,PTC INDUSTRIES LIMITED,EQ,5,1,ES,E,NSE
1630,IONEXCHANG,ION EXCHANGE (INDIA) LTD,EQ,5,1,ES,E,NSE
16696,GHCLTEXTIL,GHCL TEXTILES LIMITED,EQ,5,1,ES,E,NSE
18921,VBL,Varun Beverages,EQ,5,1,ES,E,NSE
16822,IKIO,IKIO LIGHTING LIMITED,EQ,5,1,ES,E,NSE
17010,GENSOL,GENSOL ENGINEERING LTD,EQ,5,1,ES,E,NSE
17053,HMAAGRO,HMA agro Industries,EQ,5,1,ES,E,NSE
17140,IDEAFORGE,Ideaforge technology,EQ,5,1,ES,E,NSE
17187,CYIENTDLM,CYIENT DLM LIMITED,EQ,5,1,ES,E,NSE
17197,PAKKA,PAKKA LIMITED,EQ,5,1,ES,E,NSE
17271,SENCO,Senco Gold Limited,EQ,5,1,ES,E,NSE
17313,LLOYDSME,LLOYDS METALS N ENERGY L,EQ,5,1,ES,E,NSE
17358,UTKARSHBNK,Utkarsh Small Finance Bank ,EQ,5,1,ES,E,NSE
17433,NETWEB,NETWEB TECH INDIA LTD,EQ,5,1,ES,E,NSE
17758,SARDAEN,Sarda Energy & Minerals,EQ,5,1,ES,E,NSE
17738,YATHARTH,Yatharth Hospital & Trauma Care,EQ,5,1,ES,E,NSE
17747,NIITMTS,NIIT LEARNING SYSTEMS LTD,EQ,5,1,ES,E,NSE
17778,ATL,ALLCARGO TERMINALS LTD,EQ,5,1,ES,E,NSE
17795,TREL,TRANSINDIA REAL ESTATE L,EQ,5,1,ES,E,NSE
2275,IRISDOREME,IRIS CLOTHINGS LIMITED,EQ,5,1,ES,E,NSE
18026,SBFC, SBFC Finance,EQ,5,1,ES,E,NSE
18060,CONCORDBIO,CONCORD BIOTECH LIMITED,EQ,5,1,ES,E,NSE
14305,OSWALSEEDS,SHREEOSWAL S AND CHE LTD,EQ,5,1,ES,E,NSE
18119,SRGHFL,SRG HOUSING FINANCE L,EQ,5,1,ES,E,NSE
18131,YASHO,YASHO INDUSTRIES LIMITED,EQ,5,1,ES,E,NSE
18151,TVSSCS,TVS Supply Chain Solutions,EQ,5,1,ES,E,NSE
